gene,t1_melanocytes,t2_monocytes,t3_melanocytes,t4_unknown,t5_fibroblasts,t6_melanocytes,t7_fibroblasts,t8_endothelial_cells,t9_endothelial_cells,t10_unknown,t11_fibroblasts
AAACAAGTATCTCCCA-1,0,0,0.50607396383783,0,0,0,0.49392603616217,0,0,0,0
AAACATTTCCCGGATT-1,0.179679671033459,0,0,0,0,0.356170730013048,0,0.0730684873233448,0,0,0.391081111630148
AAACCTAAGCAGCCGG-1,0,0,0,0,0,1,0,0,0,0,0
AAACGAGACGGTTGAT-1,0,0,0.0548480852585603,0,0.694556964964233,0,0.250594949777206,0,0,0,0
AAACTGCTGGCTCCAA-1,0.267566225077592,0,0.341142873296862,0,0.0576333611792482,0,0.201936887888772,0.131720652557525,0,0,0
AAAGGGATGTAGCAAG-1,0,0.0524523700016537,0,0.599970355357706,0.34757727464064,0,0,0,0,0,0
AAAGTTGACTCCCGTA-1,0,0,0.35079227375157,0,0.126804101171723,0,0.301748674925958,0,0.220654950150749,0,0
AAATAGGGTGCTATTG-1,0.314881283773023,0,0,0.364743596020891,0,0,0,0.0643464818939234,0.0592017754068996,0.196826862905263,0
AAATCCGATACACGCC-1,0,0,0,0,0.109685415840576,0.828008194940545,0,0,0,0.0623063892188788,0
AAATCTAGCCCTGCTA-1,0,0,0.134567562688855,0.369084271531105,0,0,0.424120770396947,0,0.0722273953830934,0,0
AACACACGCTCGCCGC-1,0,0,0.45849992460511,0,0,0,0.423354463247361,0,0.118145612147529,0,0
AACCCTACTGTCAATA-1,0,0,0.105450043560382,0.412699794871926,0.180225521705283,0,0.097459122509785,0,0.098025220638992,0.106140296713633,0
AACCGAGCTTGGTCAT-1,0,0.100201702987338,0,0,0.665469141793272,0,0.169520511464438,0,0,0.0648086437549513,0
AACCTCGCTTTAGCCC-1,0,0,0,0,0,1,0,0,0,0,0
AACGATAATGCCGTAG-1,0.0899031043986004,0,0.0962718374252755,0.193482353834668,0,0.209079634549797,0,0,0,0.411263069791659,0
AACGATATGTCAACTG-1,0,0.214403129664746,0.197727881156802,0.168481474678259,0.302973460638362,0,0,0.11641405386183,0,0,0
AACGCGGTCTCCAGCC-1,0,0.271302014302557,0,0,0.647764067356739,0,0,0,0.0809339183407035,0,0
AACGCTGTTGCTGAAA-1,0.11158435885745,0,0.211296175594525,0.196860521720925,0,0,0.414700460670555,0,0.0655584831565454,0,0
AACGGACGTACGTATA-1,0,0,0.171397515693694,0,0,0,0.348460084457796,0.318461854612674,0.056761630382403,0.104918914853433,0
AACGTGCGAAAGTCTC-1,0,0,0.348750317155121,0.298054698678197,0.28556175999276,0,0,0.0676332241739219,0,0,0
AACTCCAGAGCGTGTT-1,0,0,0.0797331963592778,0,0.0826830093435281,0.460327021090403,0.122232797795978,0,0,0,0.255023975410813
AACTCTCAATAGAGCG-1,0.200097107638569,0,0,0.174405557581668,0.0501158809560417,0,0.196174446058304,0.21727794604747,0.161929061717946,0,0
AACTGATATTAGGCCT-1,0.0821644035023006,0.46447223712551,0.129103033074648,0.11694600320585,0,0,0,0,0,0.207314323091692,0
AACTGGGTCCCGACGT-1,0,0,0.275938627177145,0,0,0,0,0.724061372822855,0,0,0
AAGACTGCAAGCTACT-1,0,0,0,0.310288122873996,0.2734591638449,0.0560678515501801,0,0.154599862352906,0,0.145900486963921,0.0596845124140977
AAGAGCTCTTTATCGG-1,0,0,0.0777130554139016,0.410344149311531,0.299910657834697,0.21203213743987,0,0,0,0,0
AAGAGGCATGGATCGC-1,0.250467080627891,0,0,0,0.52089618881503,0,0.228636730557079,0,0,0,0
AAGATTGGCGGAACGT-1,0,0,0.112634476054675,0.236457163364978,0,0,0,0,0.411108349936033,0.239800010644314,0
AAGCTCGTGCCAAGTC-1,0.276471136832877,0,0,0,0.609262005800935,0,0.114266857366189,0,0,0,0
AAGCTCTTTCATGGTG-1,0,0,0.29840511176969,0,0.229152879205743,0.136996929430391,0.136424127235363,0.0648339659019975,0,0,0.134186986456815
AAGGATGAGGGACCTC-1,0.312738368646743,0,0,0,0,0,0,0,0.562683449962631,0.124578181390625,0
AAGGGACAGATTCTGT-1,0.107326784952091,0,0,0,0.0677403801939253,0,0,0,0.409852056704817,0.415080778149167,0
AAGGTATCCTAATATA-1,0,0.140152992510168,0,0.100696301683333,0,0,0,0,0.578485641474797,0.180665064331702,0
AAGTCAATTGTCGTCA-1,0,0,0,0.129095758192059,0,0,0.627677355172612,0,0.147396731754141,0.0958301548811879,0
AAGTTCACTCCAAGCT-1,0,0,0.0782620233998248,0.194424012881379,0.143324140508585,0.110693892864902,0.232781931539661,0,0.0799449618044594,0,0.160569037001189
AATCATGTAAAGACTC-1,0.325144118046241,0,0.423085634763921,0,0,0,0.251770247189838,0,0,0,0
AATCGCCTCAGCGCCA-1,0,0,0.591573395394879,0,0.408426604605121,0,0,0,0,0,0
AATCGTGAGCCGAGCA-1,0,0,0,0,0,0.25345663743751,0,0.103325168649168,0,0,0.643218193913322
AATCTGCGTTGGGACG-1,0.0851515980044011,0,0,0.382175789068522,0.157097669307668,0,0,0,0.127983666535762,0.141672957087418,0.105918319996229
AATGACGTAGGATGTC-1,0.45885315667629,0,0.108302271282679,0.43284457204103,0,0,0,0,0,0,0
AATTATACCCAGCAAG-1,0,0,0,0,0,0,0,0,0.139143346458378,0,0.860856653541622
AATTGAACGCTCTGGT-1,0.691600204702155,0,0,0.0686659055458832,0.0696124554905018,0,0,0.0667299258698622,0,0.103391508391597,0
ACAAAGCATGACCTAG-1,0,0,0,0,0,0.380751578856683,0,0,0.053909917679409,0.140284904049165,0.425053599414743
ACAAATGGTAGTGTTT-1,0,0,0.203858873268039,0.494628872332997,0.138156508992177,0,0.163355745406788,0,0,0,0
ACAACAGCATGAGCTA-1,0,0,0,0,0.542326164733887,0,0,0,0,0.457673835266113,0
ACAAGGAAATCCGCCC-1,0.524958127814094,0,0,0.13479089312888,0,0.129893543194275,0.210357435862751,0,0,0,0
ACAAGGGCAGGCTCTG-1,0.553690831354922,0,0.228648012553008,0.217661156092069,0,0,0,0,0,0,0
ACAATTGTGTCTCTTT-1,0,0,0.248990132075852,0,0,0,0.538977842914038,0,0.21203202501011,0,0
ACAATTTGAGCAGTGG-1,0.159045909020766,0,0.0649778392453547,0,0.239158671492451,0,0.32582699389999,0,0.210990586341438,0,0
ACACACTTTCTACACG-1,0.183013526252844,0.584026370560542,0,0,0,0,0.0994240536842378,0,0.0507029496589758,0.0828330998434002,0
ACACGAGACTCCTTCT-1,0,0,0,0.287277664834496,0.712722335165504,0,0,0,0,0,0
ACACGGGAACTTAGGG-1,0,0,0,0,0.92411900215499,0,0,0.0758809978450098,0,0,0
ACAGCGACATTCTCAT-1,0,0,0,0,0,0.73257880893587,0,0,0,0.154816418089654,0.112604772974476
ACAGGCACGGATCCTT-1,0,0,0,0,0,0.0585879718114099,0,0.205235446325207,0,0.373360783391601,0.362815798471783
ACAGGCTTGCCCGACT-1,0,0,0,0.510315555205676,0.0669087226281799,0,0.302285605083229,0,0.0602300656864658,0,0.0602600513964493
ACATAATAAGGCGGTG-1,0.278565073928205,0.324356979712059,0,0,0.213340445603896,0,0,0.183737500755841,0,0,0
ACATCGATCGTTTACC-1,0.160492890583005,0,0.551319290720675,0,0,0.114007515139181,0.0611579952532303,0,0,0.113022308303908,0
ACATCGTATGCAATGG-1,0.2836289619841,0,0.161625644188245,0.200097081138346,0.166324936313692,0,0,0.0631825964760688,0,0.125140779899547,0
ACCAACCGCACTCCAC-1,0,0,0,0.740781040897255,0,0.105895001176333,0,0,0,0.0521639880567548,0.101159969869658
ACCAATATGCAAGTTA-1,0,0,0,0,0.416694246437672,0,0,0.0844383960816295,0,0.414240197731342,0.0846271597493563
ACCACGTGCAGCTATA-1,0.486875331437528,0,0.238965058271784,0.0894297878075768,0,0.0582136656257912,0.12651615685732,0,0,0,0
ACCAGTGCGGGAGACG-1,0.36787851940028,0,0,0.138826405531464,0.0675637624077945,0,0.113499905873896,0,0.195908752118093,0.0604865104766207,0.0558361441918516
ACCCAACGCCCGTGGC-1,0,0,0,0,0.411866448693648,0,0,0,0.436133973266655,0.151999578039697,0
ACCCATTTGTCCCTCT-1,0.0885569808268159,0,0,0,0,0.316126635365873,0.163011208741116,0,0,0.0806224111973495,0.351682763868845
ACCCGGATGACGCATC-1,0,0,0,0,0,0,0.789839724648376,0,0.0599598576401815,0.150200417711442,0
ACCGATGGTAGCATCG-1,0,0,0,0.204248580919192,0.35736828435262,0,0.252366242684716,0.0730250157758616,0.11299187626761,0,0
ACCGGGCCTTTGTTGA-1,0.258004627966837,0,0,0,0.160009209151831,0,0.581986162881332,0,0,0,0
ACGACTCTAGGGCCGA-1,0,0,0,0,0,0,0,0,0.264749110695069,0,0.735250889304931
ACGATACATAGAACTA-1,0.0777942252672813,0.125235276197659,0.147429560107041,0.317193059003317,0,0,0.0787849073038847,0.253562972120817,0,0,0
ACGATCATACATAGAG-1,0,0.0680095003636804,0,0,0.93199049963632,0,0,0,0,0,0
ACGATCATCTTGTAAA-1,0,0,0,0,0,0,0,0,1,0,0
ACGCATTCGTGAGTAC-1,0,0,0.164148411267944,0.229977557906737,0.0596211844881697,0,0,0.157994271876175,0.0756051270195188,0.312653447441455,0
ACGCCAGATGATTTCT-1,0,0.662033036325166,0,0.207396548710244,0,0,0,0,0,0.13057041496459,0
ACGCCGCTAGACGACC-1,0.125836412261488,0,0,0.661613064109093,0.0921365459685282,0,0,0,0,0.120413977660892,0
ACGCGGGCCAAGGACA-1,0,0,0,0,0.187472934031759,0,0,0.699013630912661,0.11351343505558,0,0
ACGGATGGTGCGGATA-1,0,0,0,0.143871697481445,0.20654008675756,0.222745309500609,0.262682298312823,0,0,0.164160607947564,0
ACGGCGACGATGGGAA-1,0.357063410786028,0,0.345204666674693,0,0,0,0.297731922539279,0,0,0,0
ACGTAGATTGCTGATG-1,0,0,0,0,0.88981145482356,0,0,0.11018854517644,0,0,0
ACGTATTACTCCGATC-1,0.0806353179705224,0,0.203863305252596,0,0.0715098661161073,0,0.398417902139125,0,0.0795071401982266,0.166066468323424,0
ACGTGCGCCTCGTGCA-1,0,1,0,0,0,0,0,0,0,0,0
ACGTTAATGTCGAAGA-1,0.401951949155646,0,0,0,0.598048050844354,0,0,0,0,0,0
ACGTTCTGTACAAGTC-1,0,0,0,0.164696215641836,0.106975051575173,0.291511689035693,0,0,0.050952170969632,0.263559332221559,0.122305540556107
ACGTTTAGTTGTGATC-1,0.488632418274137,0,0.174767837819212,0,0,0,0.33659974390665,0,0,0,0
ACTCAAGTGCAAGGCT-1,0,0,0,0,0.192572260114079,0.537999670916942,0,0,0.069402131799579,0.2000259371694,0
ACTCAATAAAGGCACG-1,0.0809377709670154,0.171315507032383,0,0,0.747746722000602,0,0,0,0,0,0
ACTCCCTAGAATAGTA-1,0,0,0.421308627768917,0.458114023350975,0,0.05345740601995,0,0,0,0.067119942860159,0
ACTCCGGCCGACCACT-1,0.246892413713618,0,0.257371388254196,0,0.148996113137605,0.168588076839485,0,0,0.0587789367588091,0,0.119373071296286
ACTCGTCAGTAATCCC-1,0.269768244357487,0,0.195824931229906,0,0.534406824412607,0,0,0,0,0,0
ACTCTCTGACTTAGGT-1,0.0899555088953832,0,0.0902185735859314,0.43011712777919,0.389708789739496,0,0,0,0,0,0
ACTCTGACCTAATAGA-1,0,0,0.126393044256602,0,0,0,0,0,0.120965214669321,0.397635881611018,0.35500585946306
ACTGAAACGCCGTTAG-1,0,0,0,0.231944600304979,0,0,0.498028226373222,0,0,0.107763417827907,0.162263755493893
ACTGCCGTCGTAACTC-1,0.196131894825576,0,0.246871742384396,0.216055830583663,0,0,0.340940532206365,0,0,0,0
ACTGTACGATACACAT-1,0,0,0,0.288707209357413,0.593723532981398,0,0,0.117569257661188,0,0,0
ACTGTCTTCTTTAGAA-1,0,0.144574222184655,0.18267629806828,0,0.509356651539483,0,0.085905425470217,0,0.0774874027373643,0,0
ACTTATACTTACCCGG-1,0.253502351451795,0,0,0,0.153046652776553,0,0,0.33714390257207,0,0.256307093199583,0
ACTTCCATGCGGGACA-1,0,0,0,0,0,0.846668963108908,0,0,0,0.153331036891092,0
ACTTCGCCATACGCAC-1,0,0,0,0.133766530727962,0.3690694019228,0,0.256220859829142,0,0,0.240943207520096,0
ACTTGACTCCCTCTTT-1,0,0,0.365674648707943,0.205958201061591,0.428367150230465,0,0,0,0,0,0
ACTTTCCTATAGCTTC-1,0.460943054182718,0,0.304316449984838,0,0.1201988272166,0,0,0,0.114541668615844,0,0
AGAACGTGGTACATTC-1,0.131897371967371,0,0,0,0.733929327233256,0,0.134173300799373,0,0,0,0
AGAATTATGGATTCGA-1,0,0,0,0,0,0,0,0,1,0,0
AGACGAAGTGCCGGTC-1,0.153913878709795,0,0.283661205756614,0,0,0,0.492076571662096,0,0.0703483438714945,0,0
AGAGAACCGTCTAGGA-1,0,0,0,0,0,0,0,0,0.428812690151047,0.571187309848953,0
AGAGCGGGCTAATCAT-1,0.0738423941655891,0.540611805242532,0,0,0,0,0.0901066209310851,0.0533006009220041,0,0.242138578738789,0
AGAGGCTTCGGAAACC-1,0,0,0.239030963491193,0,0,0,0.656614262168495,0,0.104354774340313,0,0
AGATACTCAAGATCGA-1,0.123692230671513,0,0.107475822709478,0.354769158452101,0,0.0599017283193368,0.220150861037377,0.0582792020103193,0.0757309967998758,0,0
AGATCTCAGGTGTGAT-1,0,0,0,0.306826199140916,0.693173800859084,0,0,0,0,0,0
AGCACTACCTCACCAG-1,0.102851468422684,0,0,0.228524868539754,0.0872168931854862,0.125117820951516,0,0.151242229048206,0,0.186252271295022,0.118794448557331
AGCAGTCGAAGCATGC-1,0,0,0,0,0,0,0,0,0,0,1
AGCATATCAATATGCT-1,0.0681537436501558,0,0,0,0,0,0.35330081380499,0.499052168373293,0.0794932741715612,0,0
AGCCACAGGTTACCCG-1,0,0,0,0,0,0.77255978217008,0,0,0,0.22744021782992,0
AGCCACTCCCGTGCTT-1,0.16502979893763,0.165475513674853,0,0.246068287741352,0,0,0,0,0.0956799023397774,0.327746497306387,0
AGCCCTAAGCGAAGTT-1,0,0.621080431016184,0.126735108501297,0,0,0,0.252184460482519,0,0,0,0
AGCGACATCCCATTCA-1,0,0.59871848656096,0,0.248696527306499,0,0,0,0,0,0.152584986132541,0
AGCGTGGTATTCTACT-1,0.345680913775262,0,0.231335224570534,0,0,0,0.188535892030878,0,0,0.234447969623326,0
AGCTAAGTACGCAGGC-1,0,0,0,0,0,1,0,0,0,0,0
AGCTATTTAATCCAAC-1,0.0805228965822566,0.563394408622136,0,0.105946359152712,0,0,0,0,0,0.250136335642895,0
AGCTCTAGACGTTCCA-1,0.165814621933902,0,0,0.22298246289029,0.453808853398779,0,0.157394061777029,0,0,0,0
AGGACAGTCGAATCCC-1,0,0,0.212098111619743,0.236881390424578,0.551020497955679,0,0,0,0,0,0
AGGAGGCCTTCGCGCG-1,0.122482672597738,0,0.188807127622156,0.153770457115881,0,0,0.376129730302606,0.073292561177188,0.085517451184431,0,0
AGGATATAGGGATTTA-1,0.137517927994784,0,0,0,0,0,0.595065548606486,0,0,0.16771224344585,0.0997042799528811
AGGATATCCGACTGCA-1,0.130064093381222,0,0.276040923443331,0,0,0.239446516954293,0.126415676680525,0,0,0.0753967840375388,0.15263600550309
AGGCAGATGCGTAAAC-1,0,0,0,0.141172329649792,0.319816024181252,0,0,0,0.451390992969026,0,0.08762065319993
AGGCATTGTCGTAGGG-1,0,0,0.226004887117638,0,0,0,0.423399126535348,0.168367540481229,0.182228445865785,0,0
AGGGCTGCAGTTACAG-1,0.15671112132302,0,0,0.533606773319757,0,0,0,0.309682105357223,0,0,0
AGGGTGCTCTCGAGGG-1,0,0,0,0.186010501126303,0.131644231264297,0,0.201856038173312,0.178143168988465,0,0.18002327528097,0.122322785166654
AGGGTTCCCTTTGGTT-1,0,0,0,0.177354882990606,0.315152336038959,0,0,0.159703302675101,0.279150068638349,0.0686394096569851,0
AGGGTTTAGTTCGGGA-1,0,0,0,0.543652948300884,0.169612683481191,0,0,0.286734368217925,0,0,0
AGGTTGAGGCACGCTT-1,0,1,0,0,0,0,0,0,0,0,0
AGGTTTCACACACCTT-1,0.334619246925027,0,0.0902810634633042,0.194088803727629,0.300222124822916,0,0,0.0807887610611242,0,0,0
AGTAATCTAAGGGTGG-1,0,0,0,0,0,0,0,0,0.0816528949626881,0,0.918347105037312
AGTAATGTCTTGCCGC-1,0,1,0,0,0,0,0,0,0,0,0
AGTACTCTTATGCCCA-1,0,0,0.106750317608314,0.0924186339427598,0.205919132952454,0.363662362410949,0,0,0.0679594818550664,0,0.163290071230456
AGTCACTAGCTCTCGA-1,0,0,0.126641090029657,0.280277278217779,0,0,0.380770444421131,0,0.144858128020891,0,0.0674530593105426
AGTCCATTGGCTGATG-1,0.0687268225293816,0,0.0750518407270419,0,0,0,0.245188345559512,0.547714750831749,0.0633182403523158,0,0
AGTCGACGGTCTCAAG-1,0.0991976548222108,0,0,0.15435395807369,0.342249231940946,0,0,0.267525944816841,0,0,0.136673210346312
AGTCGTCGACCACCAA-1,0.169235142394079,0,0.163924092048086,0,0.0506259442911301,0.223930226943668,0.251517506764759,0,0.140767087558278,0,0
AGTCTTCTCCTCAAAT-1,0.155677223010049,0.0818654408721139,0,0,0.50618070659778,0,0,0,0,0.256276629520058,0
AGTGAGACTTCCAGTA-1,0,0,0,0,0.916726951102754,0,0,0,0.083273048897246,0,0
AGTGATAACCTGCGCG-1,0,0,0,0,0,0.60092421760342,0.156751363837844,0,0.133440864887709,0,0.108883553671027
AGTGATTCAAGCAGGA-1,0,0,0,0.185737907693553,0.470215631745993,0,0.344046460560455,0,0,0,0
AGTGCACGCTTAAGAA-1,0.21592586682968,0,0,0.0770571279860979,0,0,0.42821568926108,0.087269755053215,0.191531560869928,0,0
AGTGCTAAACACAGCA-1,0.130721728993161,0,0.303866130328843,0,0,0.402264973158675,0.163147167519321,0,0,0,0
AGTGGCCCGCAAATGG-1,0,0,0,0,0.229226709092549,0,0,0,0.0939913867875252,0,0.676781904119926
AGTGGCGTCTGAAGGT-1,0,0,0,0,0,1,0,0,0,0,0
AGTTCCTATTTATGTT-1,0.487274953568651,0,0,0.21766352989065,0,0,0,0,0,0.295061516540699,0
AGTTTGCACCTGCCTC-1,0,0,0,0,0.432022355297961,0.335587263439832,0,0,0,0.232390381262207,0
AGTTTGGCACGGGTTG-1,0,0,0.236247169121206,0,0,0,0.142820059815407,0.199573458507723,0.335210115219193,0,0.0861491973364714
ATAACGCCGGAGGGTC-1,0,0,0,0.138409986240491,0.861590013759509,0,0,0,0,0,0
ATAACGGAGTCCAACG-1,0.224577164934505,0.0934467947828191,0.26032554117306,0,0.162708267254102,0,0,0,0.124994741056886,0.133947490798628,0
ATAAGGTGGAGAACAT-1,0.0745108884728947,0,0.315977384399971,0,0,0.187659673344634,0.208126645329405,0,0,0.213725408453095,0
ATAATCTTGGAGAACC-1,0.157759726535798,0,0,0,0.207233336048805,0.55400461190866,0,0,0,0.0810023255067363,0
ATACGCCGGCGAAACC-1,0.149380509381964,0,0,0.338112425241557,0.31263653757401,0,0.110938412810334,0,0,0.0889321149921342,0
ATACGGGTTTCGATTG-1,0,0.178321492391813,0,0.175716062504245,0,0,0,0,0.161379759688452,0.48458268541549,0
ATACTAGCATGACCCT-1,0.176791618912168,0.110760631304979,0,0.253725869419452,0.150284016238234,0,0.0706595388483084,0,0,0.237778325276858,0
ATACTGCCTTACACCG-1,0,0,0,0.15804634475012,0.341570575560425,0.112747408984763,0.15326955187779,0.179401025159349,0,0,0.0549650936675536
ATAGACAACGGGACCT-1,0,0,0,0,0,0,0,0.687353087075697,0.312646912924303,0,0
ATAGAGTTATCAACTT-1,0,0,0,0.146885793223163,0,0,0,0.272735711392083,0.267273475146756,0.313105020237999,0
ATAGCAACTAGGGAAG-1,0,0,0,0.145394377226121,0,0.0859416577473107,0,0,0,0.241238779737064,0.527425185289504
ATAGGGATATCCTTGA-1,0,1,0,0,0,0,0,0,0,0,0
ATAGTTCCACCCACTC-1,0,0,0,0,0,0,0.266221883055506,0.295537367821321,0.438240749123173,0,0
ATATAACACGGGCGCA-1,0,0,0,0,0.0908179430409085,0.199322561781043,0,0,0,0.449451573801341,0.260407921376708
ATATCGTTCCTCGAAC-1,0,0,0.21421646498403,0,0.111986942513166,0.599414471580569,0,0,0,0,0.074382120922235
ATATCTTAGGGCCTTC-1,0,0,0,0.221329028989376,0.273488237135319,0,0,0.453170674119856,0.052012059755449,0,0
ATATTCCACATAGTGA-1,0.0807457342224569,0,0,0.458321560926733,0,0.197602809976708,0.160130955034176,0.103198939839926,0,0,0
ATCACATTAGAATATC-1,0,0.545005793896303,0,0,0,0.0675440387675872,0,0,0,0.38745016733611,0
ATCACTTCATCCTCGC-1,0,0.282019207350531,0.287546270548166,0.219215713976149,0,0,0,0.141471428932422,0.0697473791927317,0,0
ATCAGCCTCATGCTGC-1,0,0,0,0,0,0.302782044041053,0.244726737477366,0,0.0899429351364052,0.18998942992228,0.172558853422895
ATCGGAGACAGACGGC-1,0,0,0,0.379479342400844,0.236425840309822,0.202149507325302,0.181945309964032,0,0,0,0
ATCGTTAGCTAGCGGA-1,0.136091825012863,0,0,0,0,0.593625452813897,0.101094096131987,0.0700101172790557,0,0,0.0991785087621976
ATCTACCATCTGCTCC-1,0.391887227982168,0,0,0,0,0.101730952034393,0,0,0,0.15001851947113,0.356363300512309
ATCTCCCTGCAATCTA-1,0,0.36050262967228,0.160986895025838,0.349353920369781,0,0.057007737046073,0,0.072148817886028,0,0,0
ATCTGGTTAAGACTGT-1,0,0,0.161841869169787,0.291792957857309,0.302149377579621,0,0.244215795393283,0,0,0,0
ATGCATGATCCAGGAT-1,0.270793519224602,0.0734838106153329,0,0.0781604796571458,0.496904226978415,0,0,0.0806579635245042,0,0,0
ATGCCGGTCTTGCATA-1,0,0,0,0,0.644200788226601,0,0,0.195875266266404,0,0.159923945506995,0
ATGCTCTGGCGCGGTA-1,0.183718115354177,0,0,0,0.169974583332873,0.357690746666251,0,0,0,0.288616554646698,0
ATGGAGCAGGCCGTGA-1,0,0,0.268403137047509,0.395608811312284,0,0,0,0.0735475526278563,0,0.262440499012351,0
ATGGATCCGGCGTCCG-1,0,0.902608115461796,0,0,0,0,0,0,0,0.0973918845382036,0
ATGTGGACATCTTGAT-1,0.399289539042179,0,0.167395235620528,0.261314583700487,0,0,0,0,0,0.172000641636806,0
ATGTTGATTAGAGACT-1,0,0,0,0,0.25876151545417,0,0,0.217354807932251,0.070894162159944,0.121942340961932,0.331047173491703
ATTAATACTACGCGGG-1,0,0.178117906205351,0,0,0.440716058048335,0,0,0,0,0.195824774692202,0.185341261054111
ATTAATGAACCAGTCG-1,0.133463629694742,0.182411829775822,0.369565717988422,0.252104715060123,0.062454107480891,0,0,0,0,0,0
ATTAATTCGGTCACTC-1,0.347564208185933,0,0.0933352617587619,0,0,0.0647275422046897,0.345406080307545,0,0.0858446166715295,0.0631222908715402,0
ATTATACTTTGCTCGT-1,0,0.576952181795207,0,0,0,0,0,0,0,0.423047818204793,0
ATTCAACCATTTAAGG-1,0,0,0,0,0,0.672184564784765,0,0,0.18810959383862,0,0.139705841376615
ATTGATGAGTCCTAAC-1,0,0,0,0,0,0,0,0.0552409747698436,0.944759025230156,0,0
ATTGCCTTTATGTTTG-1,0,0,0,0,0,0.788311903760928,0,0,0,0.059465840083507,0.152222256155565
ATTGCGATCAGTAACT-1,0,0,0.233905512715442,0,0,0.108881225599973,0.657213261684585,0,0,0,0
ATTTGTCTTGGGAGCT-1,0,0,0,0.177101680345491,0.639500782206259,0,0,0,0.0961261196036,0.0872714178446503,0
ATTTGTTCCAGGGCTC-1,0,0.265256541907961,0.167817411324897,0.455243689635793,0,0,0,0.111682357131349,0,0,0
CAAATTGTCAGCAAGC-1,0.300925551194184,0.054785615761792,0.119396416392557,0.213183472093901,0,0.0594260701350789,0.0763048338093231,0.0973649939157727,0,0.0786130466973912,0
CAAGAGGGCGGAGTAC-1,0.532729574932251,0,0.407072128719789,0,0,0.0601982963479603,0,0,0,0,0
CAAGCACCAAATGCCT-1,0,0.488201832918116,0.199965565294242,0.146020346174542,0,0,0,0.0890926185684643,0,0.076719637044636,0
CAAGGATCGCATGTTC-1,0.152205038929069,0,0.1514498004194,0.511394151877453,0,0,0,0.0880778999447834,0,0.0968731088292937,0
CAAGGCCAGTGGTGCA-1,0.0642120889919312,0,0,0.168599674738957,0,0.301106164703455,0,0.0976204165460764,0.112080836203022,0,0.256380818816558
CAAGTGTGGTTGCAAA-1,0,0,0.509683853675804,0,0.363929656214414,0,0,0.126386490109782,0,0,0
CAATAAACCTTGGCCC-1,0,0,0.118905121447373,0.264899313594459,0.560460893267608,0,0,0.0557346716905602,0,0,0
CAATGCGAGAAGTATC-1,0,0,0,0.327415494838872,0.167487242303381,0.222350280778165,0.207692663897061,0,0,0,0.075054318182521
CAATGGATCTCTACCA-1,0,0,0,0,0,0,0,0,0.914745590762198,0,0.0852544092378017
CAATTAAGGGTGATGA-1,0,0,0,0,0.810881873063523,0,0.189118126936477,0,0,0,0
CACACGCGCTGTCTTA-1,0,0,0.651657393125233,0.348342606874767,0,0,0,0,0,0,0
CACAGCACCCACGGCA-1,0,0,0,0.0868734591217556,0.515275137870865,0,0,0,0,0.397851403007379,0
CACAGCTAGGGAGTGA-1,0,0.601319183431568,0,0,0.398680816568432,0,0,0,0,0,0
CACAGGGCCATATAGT-1,0,0,0.120663335838664,0.151415710902151,0,0.10915621621025,0.3456549105218,0.0865357956348574,0.186574030892278,0,0
CACATATTAGCAGGAT-1,0.56540670017318,0,0.303491597028938,0,0,0.131101702797881,0,0,0,0,0
CACATGATTCAGCAAC-1,0.218001766581589,0,0,0.543459184214985,0,0.238539049203426,0,0,0,0,0
CACCCTAACAAGATCT-1,0.301923609627189,0,0.199495401390425,0,0.155229597903435,0.129572777706486,0,0,0.0875286144994342,0.126249998873032,0
CACCGGGCATCACAAG-1,0,0,0,0,0,0,0.280368418273999,0,0,0.300012719437612,0.419618862288389
CACCTAATCAGTTTAC-1,0,0.669562945106661,0,0,0,0,0,0,0,0.330437054893339,0
CACCTCGATGGTGGAC-1,0,0.259996337975326,0.0550906773563127,0.684912984668361,0,0,0,0,0,0,0
CACCTTGCGAAACTCG-1,0,0,0,0,0.0561438480285112,0,0,0,0.646450032649339,0.29740611932215,0
CACGCACAGCGCAGCT-1,0,0.199655208870714,0.0582976879947019,0,0.6684363515742,0,0,0,0.073610751560385,0,0
CACGCGGAACTGTTGC-1,0.157504349231485,0,0.185410227884683,0,0.234828600607665,0,0.285199617614979,0.0647062532392228,0,0.0723509514219649,0
CACGTTCGTGCTCTAG-1,0,0,0,0,0.631764803389013,0.0876901184136205,0.280545078197366,0,0,0,0
CACGTTTCGTACACAC-1,0,0,0.232924187602717,0.327179903354427,0,0.119479775657674,0.144929915673294,0,0.0938351970143345,0,0.0816510206975527
CACTCGAGCTGAACAA-1,0.642402110478577,0,0.190566994892395,0,0,0,0.167030894629027,0,0,0,0
CACTCTTCTGCTAGCC-1,0.104026259778916,0,0,0.111347378120896,0,0.671862157915106,0,0,0.112764204185083,0,0
CAGAACTTAGCCCTCT-1,0.0625003644273957,0,0,0.421754262131968,0,0.145602545921246,0,0.114396488738486,0,0.255746338780904,0
CAGAGCATGAGCTTGC-1,0,0,0,0,0.832572150234124,0,0.167427849765876,0,0,0,0
CAGCAGCCCGTTCCTT-1,0,0,0,0.37388503818857,0.141377647321301,0,0.226485269306909,0,0,0.176048993168095,0.0822030520151256
CAGCAGTCCAGACTAT-1,0.240873998588627,0,0,0,0,0,0.642061853783562,0,0.117064147627811,0,0
CAGCCTCCTGCAGAGG-1,0,0.3931719062229,0.459873258648072,0,0,0,0,0,0,0.146954835129029,0
CAGCTCACTGAGACAT-1,0.266841761086802,0,0,0,0.0764711794435621,0,0,0.287950684868221,0.129487702263722,0.239248672337694,0
CAGCTCGACAAGTTAA-1,0,0,0,0.0705351918481359,0,0,0,0,0.851292932026473,0,0.078171876125391
CAGGCAGTCTTACCAG-1,0,0,0,0,0,1,0,0,0,0,0
CAGGCGCCATGCTAGG-1,0.213600789273783,0,0.275820206904956,0,0,0,0.150921708325738,0.101068686740363,0,0,0.258588608755159
CAGTAGCCCACGCGGT-1,0,0,0,0.294683486911138,0,0,0,0.0966628737458356,0.348746984004076,0.12607376684994,0.13383288848901
CAGTCTGTATACTGGG-1,0.419387835952516,0,0.133133139197244,0.160301983569976,0,0.0866403589846312,0,0,0,0.200536682295633,0
CAGTGAATAAATGACT-1,0,0.117427842245546,0,0,0.433224877775428,0,0,0,0.449347279979026,0,0
CAGTGTCGGCTGGCCC-1,0,0,0.244895308051875,0,0,0,0.680188892928253,0,0.0749157990198719,0,0
CAGTTCAAATTGACAC-1,0.505039996825072,0,0,0.14002742680534,0.0807841272252889,0,0.130355620412357,0,0,0.143792828731942,0
CATAACGGACAGTCGT-1,0,0,0,0.556817348091629,0,0,0,0.0855119816767879,0.292543466027454,0.0651272042041294,0
CATACGGCGTCTGGGC-1,0,0,0.545006347265586,0,0,0.0555060509512909,0.301675066898099,0,0,0.0978125348850248,0
CATAGAGGAGATACTA-1,0,0,0,0,0.210771054791566,0,0,0,0,0,0.789228945208434
CATCATTACCCTGAGG-1,0.192131797301429,0,0,0,0,0,0.697460942458559,0,0.110407260240012,0,0
CATCCTCTCAAAGATC-1,0,0,0.488708548827232,0,0,0,0.316371954363731,0.194919496809037,0,0,0
CATCTTACACCACCTC-1,0,0,0.192551368579159,0,0,0,0.460200110397038,0,0.276690379143529,0.0705581418802748,0
CATGATGCACAATTCT-1,0,0.523432136218633,0,0,0.208021931241487,0,0,0.0517637399760094,0,0.21678219256387,0
CATGCGTTAGACAGAA-1,0,1,0,0,0,0,0,0,0,0,0
CATGGGTATGCCTTAT-1,0,0,0.334475165533803,0.27983748480696,0,0.207935411468287,0.0976280995100539,0.080123838680897,0,0,0
CATGGTAAGTAGCGTT-1,0.535683172203789,0,0.106054441892585,0.0920394222490794,0,0.084885983481041,0.181336980173506,0,0,0,0
CATGGTCTAGATACCG-1,0,0.0726460836036159,0,0,0.590652462888084,0,0.3367014535083,0,0,0,0
CATGTAAGAGACATTT-1,0,0,0,0.180415305995733,0.0714352329397397,0,0.611998373971755,0,0,0.0728081472531644,0.0633429398396082
CATGTGGGCTCATCAC-1,0,0,0,0,0,0,0,0,0.151463632183268,0,0.848536367816732
CATTACGTCGGCCCGT-1,0.131941941509138,0.652298581908876,0,0,0,0,0,0,0,0.215759476581986,0
CATTTAGCGGACCATG-1,0,0,0,0,0.301571423502316,0,0,0.0764040223549608,0.622024554142723,0,0
CCAAGACTTCTGCGAA-1,0,0.699337717915697,0,0,0,0,0,0,0,0.300662282084303,0
CCAAGCGTAACTCGTA-1,0,0,0,0,0.825072695773928,0,0,0.174927304226072,0,0,0
CCACAATGTACGTCTT-1,0,0,0,0.101978382642354,0,0,0,0,0.898021617357646,0,0
CCACCCAAGGAAAGTG-1,0.114574430434334,0,0.127461698973857,0.420674973225599,0.122151446267912,0,0.161149566700636,0,0.0539878843976615,0,0
CCACGAGAAGAGAATC-1,0,0.772794776169455,0,0.227205223830545,0,0,0,0,0,0,0
CCAGATAGTTGAGTGA-1,0,0,0,0,0,0,0.159522752314299,0,0.658267705030152,0.182209542655549,0
CCAGCCTGGACCAATA-1,0.0987824524060336,0,0,0.399851586917457,0.249180409119675,0.0826086417792591,0,0.169576909777575,0,0,0
CCAGTAGTCTGATCCA-1,0,0,0,0.221291567424937,0,0,0,0.403480353907905,0.234537287226929,0.14069079144023,0
CCAGTTCGGTAACTCA-1,0.380463586204956,0,0,0,0,0,0,0,0.0637553709286475,0,0.555781042866397
CCATAGGTTGGCGTGG-1,0,0.854934134913561,0,0,0.0515239821103858,0,0.0935418829760531,0,0,0,0
CCATCTCACCAGTGAA-1,0.259862342561479,0,0.26154026538947,0,0,0,0.34449567640168,0,0,0.134101715647372,0
CCATGCCCTAGATTTC-1,0,0,0.244005639997894,0,0,0,0.407177595256165,0,0.0901555621877215,0.175439762664362,0.083221439893858
CCCAAACATGCTGCTC-1,0,0,0.230557625349334,0.109435239693467,0.527762029762599,0,0.1322451051946,0,0,0,0
CCCAAGTCATTACACT-1,0.168767005505439,0,0,0,0,0,0,0,0,0.602504991443369,0.228728003051193
CCCAGTTAAGGCGCCG-1,0.397314089306169,0,0,0,0.421216489677169,0,0.181469421016662,0,0,0,0
CCCGACCATAGTCCGC-1,0,1,0,0,0,0,0,0,0,0,0
CCCTACCCACACCCAG-1,0,0,0.163536362587229,0,0,0,0,0,0.126945243203074,0,0.709518394209697
CCCTACTTGAACAATG-1,0,0,0,0.0766168372262799,0,0,0.210289599071965,0,0,0.26332974605965,0.449763817642105
CCGAACCTTCCCGGCC-1,0,0,0.832712112704867,0.0706618595370731,0,0.0966260277580595,0,0,0,0,0
CCGATCTCAACCTTAT-1,0.102355049259258,0,0,0,0,0,0.26281215244259,0.236450822924503,0.398381975373649,0,0
CCGCACAAAGACCAAC-1,0.0982380803906722,0,0.163447703008569,0,0.56584452126201,0,0.172469695338749,0,0,0,0
CCGCTCTTCCGAACTA-1,0,0,0,0,0,0.540516184789894,0.131791170595172,0,0,0,0.327692644614934
CCGGGCGGTCTCGTCA-1,0,0,0.265310513978214,0,0.734689486021786,0,0,0,0,0,0
CCGGGCTGCTCCATAC-1,0.136665902155955,0,0,0.673264703001043,0.190069394843002,0,0,0,0,0,0
CCGTAAGTTGGTCCCA-1,0.369553404976633,0,0,0,0.630446595023367,0,0,0,0,0,0
CCGTAGGAAATCCCTG-1,0,0,0,0,0,0.391428803498119,0.131847604859313,0,0,0,0.476723591642569
CCTAAATTAACGGTTC-1,0.0665517082925582,0,0.548396117913077,0,0.0557137102093144,0,0,0.264482058624416,0.0648564049606343,0,0
CCTAGGCGTAGCGATC-1,0.208875774598173,0,0.079551672653686,0,0.27276177808639,0,0,0.271276162001645,0,0.167534612660106,0
CCTATAATGAGTGCCC-1,0.160874246806171,0,0,0.411840750720866,0,0.343534124200665,0,0,0,0.083750878272298,0
CCTATCTATATCGGAA-1,0,0.74667317107246,0,0,0,0,0,0,0,0.25332682892754,0
CCTATGGGTTACCGTC-1,0,0,0,0,1,0,0,0,0,0,0
CCTATGTCCACTCCAC-1,0,0,0.138419755179943,0,0,0.341281451909201,0.0922066733435882,0,0,0.0633674468698579,0.36472467269741
CCTCCTGTTGTGTCGT-1,0.193375033366777,0,0,0,0,0.278491135779926,0,0,0,0.375307010241227,0.15282682061207
CCTCGAAGTGGACGGG-1,0.186991642567274,0.305726246973786,0,0,0,0,0.157796723372241,0,0,0.349485387086698,0
CCTCGCCAGCAAATTA-1,0,0.656414359547442,0.150151389921487,0.193434250531071,0,0,0,0,0,0,0
CCTCGGACCGGGATAG-1,0,0,0,0.529305355596817,0.373139089600243,0,0.0975555548029399,0,0,0,0
CCTCTAATCTGCCAAG-1,0.0589254572074232,0.27305440330122,0,0,0.0905127327023991,0,0,0.428324818194028,0,0.14918258859493,0
CCTGAACGATATATTC-1,0.113980397861581,0,0.51167654862994,0,0.121957483945856,0,0.252385569562623,0,0,0,0
CCTGAATATTTACATA-1,0.171580669396156,0.193988906797905,0.143813157597587,0,0.132413116584488,0,0,0,0.221967784838748,0.136236364785116,0
CCTGATTCGCGAAGAA-1,0,0,0,0,0,0,0,0,0.253417814062853,0.0773001721776308,0.669282013759516
CCTGTCACCCGGGCTC-1,0,0,0,0,0.451167856870374,0,0,0.548832143129626,0,0,0
CCTGTCGCCCGTAAAT-1,0,0,0.500669050516085,0.306391011136838,0.112119386911583,0,0,0,0,0.0808205514354936,0
CCTGTTTGAAGACACG-1,0,0,0,0.131116713192314,0,0.537738702780136,0.237349049161192,0,0.0937955348663582,0,0
CCTTCTTGATCCAGTG-1,0,0.220636972369025,0.496178203276165,0.221634706637266,0,0,0,0,0,0.061550117717544,0
CGAACAGTATGGGCGT-1,0,0,0.378765122062575,0,0,0,0.621234877937425,0,0,0,0
CGAACGCCCAGTGCCG-1,0.19103044180831,0.0991313097593333,0.450231490107941,0.118246583175928,0,0.0753055072471261,0.066054667901361,0,0,0,0
CGACAATTTGATCTAA-1,0,0,0,0.236534951087757,0.391567372349795,0,0,0.371897676562448,0,0,0
CGAGAGATGTGAACCT-1,0,0,0,0.288874575804015,0.628842980113751,0,0.0822824440822338,0,0,0,0
CGAGAGCTTTCACTAC-1,0,0,0,0,0,0.673096372604644,0,0,0,0.326903627395356,0
CGAGCTGGGCTTTAGG-1,0,0.211199655444383,0.603615210142549,0,0,0,0,0,0,0.185185134413069,0
CGAGGCTAAATATGGC-1,0.326500390076368,0,0,0,0.673499609923632,0,0,0,0,0,0
CGAGGGACTGCGGTCG-1,0.201194564688023,0,0.173282576887522,0,0.539602232280356,0,0,0,0.0859206261440994,0,0
CGAGTTCTGTCCCACC-1,0,0,0,0.176762500281553,0,0,0,0,0.823237499718447,0,0
CGAGTTTATCGGACTG-1,0,0,0,0,0.701514093417973,0,0.298485906582027,0,0,0,0
CGATAGTCGTACTGCA-1,0,0,0,0,0.139908720900925,0.453379210152601,0,0,0.0866363042199179,0.119947351318991,0.200128413407565
CGATTCGCCTGGCTGC-1,0.215579599818528,0,0.198024968619238,0.196112859775461,0,0.0594663655967323,0,0.160800982493872,0,0.170015223696168,0
CGCACATGTCCACTAC-1,0,0,0,0.521076671876859,0,0,0,0.324864716430502,0,0,0.154058611692639
CGCACGTGCGCTATCA-1,0.215784780989565,0,0,0,0,0,0.69796883895177,0,0,0.0862463800586658,0
CGCAGGCGATCCAAAC-1,0,0,0.2413109515248,0.25651761458343,0,0,0.43425204395882,0,0.0679193899329504,0,0
CGCATGCCGAATGCGT-1,0.150741037210526,0,0,0,0,0.167931367592562,0,0,0,0.0941508494694751,0.587176745727437
CGCATGGTGCGATGCT-1,0.320079379569213,0,0.307848201096645,0.217684867361173,0,0,0,0.065574434477159,0,0.0888131174958098,0
CGCCATCCGATTATGA-1,0,0.0761579037495371,0.215700565625325,0.109342009405738,0,0,0,0.217394607520405,0.0549649167780471,0.326439996920948,0
CGCCCGCTTCCGTACA-1,0,0.326579315979083,0.0984201431793734,0.15662285990345,0,0,0,0,0,0.418377680938094,0
CGCCGCCCATGCCTGT-1,0,0,0,0.551262816224663,0.448737183775337,0,0,0,0,0,0
CGCCTCCCTCCTCTAT-1,0.140231588028247,0,0.336246200246685,0.419816152713736,0,0,0,0.103706059011332,0,0,0
CGCGAAGTGGCATACT-1,0,0,0,0.15887799684072,0.234406970556731,0.218382657755428,0.0814517896797585,0,0,0,0.306880585167363
CGCGACCGCGACAGAT-1,0,0,0,0.205882209985655,0.223158117202177,0.451251231308477,0,0,0,0.119708441503691,0
CGCGCCCGACTTAATA-1,0.0647390669606936,0.83950458672579,0,0.0957563463135164,0,0,0,0,0,0,0
CGCGGCTCAACTTGAA-1,0,0,0.154935849738272,0,0.652641807352834,0,0,0.0575077437747196,0.134914599134174,0,0
CGCGGGAATTAGGCAG-1,0.0802444731808146,0,0,0.448357834478632,0.471397692340554,0,0,0,0,0,0
CGCTAGAGACCGCTGC-1,0,0,0,0,0,0,0.227848099614485,0.603889673849408,0.168262226536107,0,0
CGCTGGTGACTACCCT-1,0,0,0.666525278632033,0,0,0,0.333474721367967,0,0,0,0
CGCTTTCTTGCATTCG-1,0.127133709928839,0,0,0.278947122140232,0.295405457585234,0,0.192324999923901,0,0,0,0.106188710421793
CGGAGCATGGCGATCC-1,0.356544062646131,0,0,0.305074584411154,0.338381352942715,0,0,0,0,0,0
CGGATCCTCAAGGACT-1,0.239550032587185,0,0,0.25846793635734,0,0.437494007760164,0,0,0.0644880232953115,0,0
CGGCAGGGTCGGGTTG-1,0,0,0,0.438865548834881,0.134772106511832,0,0.146380047368687,0,0.2799822972846,0,0
CGGCCACGCACAAAGT-1,0,0,0,0.614664226398906,0.32793648097781,0.0573992926232842,0,0,0,0,0
CGGCGCCATCAATCCC-1,0,0,0,0,0,0.945333283328186,0,0,0,0.0546667166718138,0
CGGGAATTTATGTAAA-1,0.198560884332357,0,0.483692942748406,0,0.112431995003446,0,0.205314177915791,0,0,0,0
CGGGTGTACCCATTTA-1,0.350913951247995,0,0.128499564885959,0,0.399401917291223,0,0,0,0.121184566574823,0,0
CGGTACTAGAATCAAA-1,0,0,0.406934829264535,0,0.309312220087231,0,0.283752950648233,0,0,0,0
CGGTCAAGTGGGAACC-1,0.171107496087689,0.169789993489786,0,0,0.229569234631977,0,0.0576566328962692,0,0.210214673544494,0.161661969349785,0
CGTACCTGATAGGCCT-1,0,0.270617842226406,0.153095331204435,0,0.122544099706934,0,0,0.249697686069663,0,0.14859452077086,0.055450520021702
CGTAGAGAGTAATTAT-1,0,0,0.182617648393633,0,0,0.242880928002974,0,0,0.173927106428185,0,0.400574317175209
CGTCGGATAGTGTTGA-1,0,0,0,0,0,0,0.156820458100072,0.119837748166934,0.575139354869136,0.148202438863858,0
CGTCTGGAAGGGCCCG-1,0,1,0,0,0,0,0,0,0,0,0
CGTGCACACCACTGTA-1,0,0,0,0,0.226875650470951,0,0,0.452968995763135,0,0,0.320155353765914
CGTGCAGACTGGGACA-1,0.211233723747958,0,0,0.163672548839896,0.625093727412146,0,0,0,0,0,0
CGTGCCCTCCCGAAGA-1,0.234400888344771,0,0.183184036845179,0.454965556797594,0.127449518012456,0,0,0,0,0,0
CGTGGCCGAATATCTA-1,0,0,0.126997613910677,0,0,0,0.50132791955308,0.207699459675133,0.16397500686111,0,0
CGTTAATGTCCCGACG-1,0,0,0.0882246416874044,0.193342608038865,0,0.28500988860542,0.0744600121140489,0,0,0.10835805139222,0.250604798162042
CGTTGAGCGACCGTCG-1,0.560712651856304,0,0.170750167851431,0.268537180292265,0,0,0,0,0,0,0
CTAAAGGGAAATAGGA-1,0.289313189665661,0,0.54885300335189,0,0.106185476181092,0,0,0.0556483308013571,0,0,0
CTAAATCCTATTCCGG-1,0,0,0,0,0.30260808797827,0,0,0,0.377769985524726,0.319621926497003,0
CTAACGAAACTTGCTG-1,0,0,0.205227762965013,0,0.111437140732919,0,0,0.0577665628564671,0.6255685334456,0,0
CTAAGGGAATGATTGG-1,0.42994093872672,0,0.395277663111551,0.174781398161728,0,0,0,0,0,0,0
CTACCCTAAGGTCATA-1,0,0,0,0.310592509457101,0,0,0.109348119169413,0.283034807909016,0.154135019056919,0.142889544407551,0
CTACTATCTTTCAGAG-1,0,0,0,0.186374858130981,0.213105151449143,0,0,0.452510146114102,0.148009844305774,0,0
CTACTGCCACCTGACC-1,0.150899307737659,0,0,0,0.849100692262342,0,0,0,0,0,0
CTAGATTTACGACGGC-1,0.238524760153962,0,0.448553164032569,0.133175336568623,0.179746739244846,0,0,0,0,0,0
CTAGCATAGTATAATG-1,0.291051422997383,0,0,0.115269429047369,0.296481243621803,0,0,0.297197904333445,0,0,0
CTAGGCGCCCTATCAG-1,0.178550451218115,0,0.256025443629188,0,0,0,0.313211968943859,0,0.148544935364044,0,0.103667200844794
CTAGTAGAAAGGGATT-1,0,0,0,0,0,1,0,0,0,0,0
CTAGTTGGGCCCGGTA-1,0.134652219573442,0,0,0,0.581980549494119,0,0.283367230932439,0,0,0,0
CTATCGACGAAATACA-1,0.140291259362361,0,0.362008820316607,0,0,0.103614806014071,0.394085114306961,0,0,0,0
CTATTTGGTTACGGAT-1,0,0,0,0.392586478940124,0.251850108082468,0,0.271959935531296,0,0.0836034774461114,0,0
CTCAACTAACCCGGAT-1,0,0,0,0,0,1,0,0,0,0,0
CTCATTGCTCTAACAA-1,0.109734361345807,0,0,0,0.180239590161944,0.710026048492249,0,0,0,0,0
CTCATTTGATGGGCGG-1,0,0.183049228772066,0,0.705398629510792,0,0,0,0.111552141717141,0,0,0
CTCCGGCCTAATATGC-1,0,0.753294186855466,0,0,0.0974171875944969,0,0,0,0,0.149288625550037,0
CTCGCACCTATATAGT-1,0,0.179072445958599,0,0.451008584278307,0.31583930124526,0,0,0,0,0,0.0540796685178344
CTCGCTAGGTAAGCGA-1,0.114551579195728,0,0,0,0,0,0.350136572352154,0,0.114181963161489,0.123481614257726,0.297648271032904
CTCGGTACCACTGCTC-1,0.20197344830946,0,0.245578284225092,0,0.384177599683504,0,0.168270667781944,0,0,0,0
CTCGTCTGTGCCTTCG-1,0.340777274425602,0,0,0,0.146874613094924,0.0538807236055845,0,0.0568271919021532,0,0.196033076714788,0.205607120256948
CTCTAACACCGGCAGC-1,0,0,0,0,0,0,0,0,0.234791257160315,0,0.765208742839685
CTCTCACAATCGATGA-1,0,0.0695989418530815,0,0,0.175530594988047,0,0.402427212714037,0,0,0.352443250444835,0
CTCTGGACGCCTGGTG-1,0.167530522552574,0,0,0.232943221103571,0.167570662326508,0,0,0.177054102680936,0.061448673666884,0,0.193452817669528
CTCTGTCCATGCACCA-1,0,0,0,0,0,0,0,0,0.198991537110135,0,0.801008462889865
CTCTTCTATTGACTGG-1,0,0,0.250148434886288,0,0,0,0.619624824857547,0.130226740256165,0,0,0
CTGAAAGAGATCCGAC-1,0,0.929818395202027,0,0,0,0,0,0,0.0701816047979733,0,0
CTGCACAACTACATAT-1,0.373088601940207,0,0.168502123116342,0.0701175715411863,0,0,0.159656622786198,0,0,0.228635080616067,0
CTGCAGAGAATCAGAG-1,0,0,0,0,0,0.457532792835957,0.174616750855925,0,0,0.144794755338633,0.223055700969484
CTGCCAAGGTTGGAAG-1,0,0.587117220997734,0,0,0,0,0,0,0,0.412882779002266,0
CTGCCATGCATCACAT-1,0.299139308497211,0,0.128953359205766,0.214589541396083,0.0557922286704641,0.112801748065395,0.0877012724780264,0.101022541687054,0,0,0
CTGCCTTTCTAGTAAA-1,0.079326009206181,0,0,0,0,0.361873816523598,0,0,0,0.244492315991585,0.314307858278636
CTGGAAATGGATGCTT-1,0.596389275720393,0,0.0625711520714528,0,0.289921677093191,0,0,0,0,0.0511178951149628,0
CTGGCTGATTCATCCT-1,0,0,0,0.268370358650809,0.0526886151377565,0,0.215508486940189,0,0.282390443255888,0.117272092517608,0.0637700034977488
CTGGGATAAATAATGG-1,0.436601156439373,0,0.117300465864733,0.117797075059052,0.196976704827227,0.0531660508197613,0.078158546989853,0,0,0,0
CTGGGTAGGCAGTTAA-1,0.357596907569872,0,0,0.584224175459629,0.0581789169704993,0,0,0,0,0,0
CTGGTAACACATAGAA-1,0,0,0,0.214922262929608,0,0,0,0.785077737070392,0,0,0
CTGGTAACGAGCTCTT-1,0,0,0,0.261193735315619,0.306049327903321,0,0,0,0.186123586543493,0,0.246633350237566
CTGTCAAATGGCTCGG-1,0,0.0517593610320537,0,0,0,0,0,0,0.948240638967946,0,0
CTGTGCAGGGTAGGTC-1,0.179742774678619,0,0.192029115354226,0.278289650454559,0.235200801969371,0,0,0,0,0.114737657543225,0
CTGTGGTCGGGAGATA-1,0,0,0,0.15816594464705,0.175790962312086,0.0760171130672132,0.427611862608053,0,0,0,0.162414117365598
CTTAGCCTTCCACATG-1,0,0.125106287898334,0.773211592528344,0,0,0,0,0,0,0.101682119573323,0
CTTAGTGTAGTAGCAT-1,0,0,0,0,0,1,0,0,0,0,0
CTTCAGTTGGACAACG-1,0,0,0,0.129255438794391,0,0.16056076642778,0,0,0.097235804469219,0.183450649722699,0.429497340585912
CTTCATTGTCAGTGGA-1,0,0,0,0.482249271098521,0,0,0.366140746108213,0,0,0.151609982793267,0
CTTCGATTGCGCAAGC-1,0,0,0,0,0,0,0,0,0.101993576061394,0,0.898006423938606
CTTGAGTTAGGGTAAT-1,0,0,0.275049404963587,0,0.319809815866095,0,0.194394463304037,0,0,0.210746315866282,0
CTTGTTGCTGAGTCAA-1,0,0,0.337756907032127,0,0.518922077028774,0,0,0.0581734201812379,0.0851475957578616,0,0
CTTTAACTTTCAAAGG-1,0.202203129209178,0.07967836868169,0,0,0.395916713753771,0,0,0,0,0.322201788355361,0
CTTTAATATTGGTCGA-1,0.134983226537072,0,0,0,0.0628883805258488,0.183985773665974,0.0726794629741996,0.121375517673114,0.051626329610243,0.372461309013549,0
CTTTAGGAACACTGTT-1,0,0,0.312380721523529,0.336893411689769,0.153628753467501,0,0,0.197097113319202,0,0,0
CTTTAGTGCTATTATT-1,0.621982522618168,0,0,0.224463752932602,0.0684230800582193,0,0,0.0851306443910103,0,0,0
CTTTGCATCGCTCTTG-1,0.181539667677555,0,0,0,0,0.668245002211741,0,0,0.0910541586013339,0,0.0591611715093698
GAAATCGCGCGCAACT-1,0,0.439015986302859,0,0.388341203715161,0.109319342650258,0,0,0,0,0,0.0633234673317224
GAACAACTGGGATGAA-1,0,0,0,0,0,0.34070200662609,0,0,0.117506772746283,0.126244545833099,0.415546674794529
GAACCTTTAACGATCC-1,0,0,0,0,0,1,0,0,0,0,0
GAACGACCGAATGATA-1,0,1,0,0,0,0,0,0,0,0,0
GAACGTCTCATGGTCG-1,0.24026388845144,0,0,0.446302387046024,0,0,0,0.25434251582201,0.0590912086805264,0,0
GAAGCGTGAGGAATTT-1,0.14867167034467,0,0,0.194577455693538,0.216186418189399,0.0847349614676402,0,0.0686388853856323,0.287190608919121,0,0
GAAGTCTCCCTAGCGA-1,0,0,0,0.461252911351645,0.143690781524048,0,0.097724419929607,0.132796450379489,0.102617453236486,0.0619179835787253,0
GAAGTGCTGGATAGCT-1,0,0.900736568008791,0,0,0,0,0,0,0,0.0992634319912092,0
GAATCTGAACATTCTC-1,0.357685978967831,0,0.409170977270904,0,0,0.113778840657642,0,0,0,0.119364203103623,0
GAATGTGGTCCGGATT-1,0,0,0,0.369924548179831,0.399314182479505,0.15330511984848,0.0774561494921831,0,0,0,0
GAATGTTGGGTAATCT-1,0,0.0638851554712555,0,0,0.449798691327199,0,0,0.486316153201546,0,0,0
GAATTATAGTGAAAGG-1,0.286142953561183,0,0,0,0.180246479873053,0,0,0.343862231306835,0,0.189748335258929,0
GACAAACATATGCAGG-1,0.0628719934267446,0,0.152203081829948,0,0,0,0.663657248649331,0,0.0663389726350141,0.054928703458963,0
GACAACGACCATTGAA-1,0,0.0963512265423269,0,0,0.467876430397155,0,0,0.0629004466782029,0.0854329594434479,0.287438936938867,0
GACACAAGGGAAGAAA-1,0,0.172508153149381,0,0.321627541413809,0.40668456488402,0,0.0991797405527907,0,0,0,0
GACACTTCCAATTACC-1,0,0,0,0,0,0,0.335795604484475,0,0,0.258284572618507,0.405919822897017
GACAGCCAGACCTGAC-1,0,0,0,0.398229862463985,0.34176446324023,0,0.123416315019176,0.136589359276609,0,0,0
GACTCGCGGGAATGAC-1,0,0,0,0.312431720770602,0,0,0,0.182356583842174,0.12241007105194,0.382801624335284,0
GACTGCAAATCGAGCT-1,0.117137861162904,0,0,0,0,0.230386743534184,0,0,0,0.586863045059981,0.0656123502429315
GACTGCACCAGCCCAG-1,0,0,0.623970233386298,0,0.155432774721853,0,0.220596991891849,0,0,0,0
GACTTCAACGCATCAA-1,0,0,0,0,0.0776792764386739,0,0,0,0.0663353390109265,0,0.8559853845504
GAGACTGATGGGTAGA-1,0.282203781682955,0,0,0.386285929576935,0,0,0,0,0,0.33151028874011,0
GAGATCTGTCACTCCG-1,0.238107943755201,0,0,0,0.761892056244799,0,0,0,0,0,0
GAGATCTTCCATGACA-1,0.455865537531793,0,0.469349239793262,0.0747852226749452,0,0,0,0,0,0,0
GAGCACCTGTGTCCAG-1,0,0,0.134528499312022,0,0.133157791191104,0.339001444944762,0,0,0,0.259580200241768,0.133732064310344
GAGCCAGCTACCTGTG-1,0.0541330676699218,0,0,0.212906316975343,0,0,0.544112039719109,0.118504562395982,0.0703440132396443,0,0
GAGCGCGCACGAGTAG-1,0,0,0.120410412124036,0.363869377089996,0,0,0.515720210785968,0,0,0,0
GAGCTAAGGGCATATC-1,0,0,0,0.210156750434463,0.251024333285087,0,0.371419659687471,0,0.167399256592979,0,0
GAGGGCGCAGCTCTGC-1,0,0,0,0,0,0,0,0,0.724478799042158,0.275521200957842,0
GAGTGTCAACCAGAAA-1,0,0,0,0,0,0.622775106843241,0,0,0,0.217594180325639,0.159630712831119
GATAACTCGCACTGTG-1,0,0,0,0.117195664043132,0.120828578210315,0,0,0.262501482627196,0.335136919944847,0.164337355174509,0
GATAGATAGTACAGTC-1,0,0,0,0.0603000261280637,0,0,0,0,0.25657813559372,0,0.683121838278217
GATATGAGACACTAAC-1,0,0,0,0.757318016777777,0.242681983222223,0,0,0,0,0,0
GATATTGAGATTGGCG-1,0,0,0,0,0,0,0,0,1,0,0
GATCATTCCAAACATT-1,0,0,0.768305546801117,0,0.12583102167585,0,0.105863431523032,0,0,0,0
GATCCGGGAATTAACA-1,0.251116210729735,0,0,0.37619895573274,0.190455671754701,0,0,0,0,0.182229161782824,0
GATCGCTACCCGATTT-1,0.101262923380568,0,0,0,0,0,0.451494249099442,0,0.44724282751999,0,0
GATCGGTGGCCATAAC-1,0,0.0536310401335205,0,0.554606708034887,0.302470851983093,0,0,0.0892913998484994,0,0,0
GATCGTGACTGATATC-1,0.0949652886468647,0,0.421663605500654,0,0.483371105852482,0,0,0,0,0,0
GATCTTGGAGGGCATA-1,0.486537295365906,0,0.12482010253184,0,0.0703371700178719,0,0,0.121505579071855,0,0.196799853012527,0
GATGAGGAACCTTCGG-1,0,0,0.431203845695261,0,0,0.243420714975108,0,0,0,0,0.325375439329632
GATGCTGTATTTCATC-1,0.462747884328978,0,0,0.341384783093007,0.195867332578016,0,0,0,0,0,0
GATTAACCGAAAGCCC-1,0.0777859295896107,0,0.138647405863984,0.183326762382811,0,0,0.342009973785721,0.151657542617663,0.106572385760211,0,0
GATTCCCTTGTCGCAG-1,0,0.101813395271978,0,0,0.898186604728022,0,0,0,0,0,0
GATTCGACGGTTCACG-1,0.141130307718022,0,0,0.284462714657105,0.169151965264965,0,0.179371951999427,0.0715582864405026,0,0.154324773919978,0
GATTGGGAAAGGTTGT-1,0,0.0827414422730254,0,0,0,0.735610888687751,0,0,0,0,0.181647669039224
GCACACACTGGTAGCC-1,0.195897670530644,0,0.381166843661763,0,0,0,0.36888277922232,0,0.0540527065852727,0,0
GCAGCTGTCAACGCAT-1,0,0,0,0,0.323649580367776,0.340997923546351,0,0,0,0,0.335352496085873
GCAGTGTGGCTATAGG-1,0,0,0,0,0.350093261428006,0.528719701700343,0,0,0.0674119556807059,0,0.0537750811909457
GCATGAGGGACGCGGC-1,0,0,0.205803278943497,0,0.544945381301313,0,0,0,0.24925133975519,0,0
GCCACTCAGAGCGCGA-1,0,0,0,0,0,0.49437767108063,0.219140664069301,0,0,0,0.286481664850069
GCCCGTAATACCTTCT-1,0,0,0,0.249020710428787,0.66104260507245,0,0.0899366844987625,0,0,0,0
GCCTACGTTCTGTGCA-1,0,0,0,0,0,0.0670835494502877,0,0,0.115153728812412,0.472718290284851,0.34504443145245
GCCTATAGTGTCAGGG-1,0,0,0,0.0962387507253113,0.279697291781707,0,0.289894566854506,0,0.25382741499078,0,0.0803419756476964
GCCTCATCTGGAAATA-1,0,0,0,0.323942829498357,0.348603812353864,0,0,0.251582613959759,0.0758707441880203,0,0
GCCTCCGACAATTCAC-1,0,0,0,0,0,0.51126657293098,0,0,0,0.0859034878346889,0.402829939234331
GCGAAACGATCGGGAG-1,0,0,0.211138595020176,0.159849864507026,0,0,0.494033121548064,0.0786941284800403,0,0,0.0562842904446936
GCGAAACTTAACTGGA-1,0.189271304047473,0,0,0.323806175108944,0.323520267304453,0,0.163402253539131,0,0,0,0
GCGAAGAATCTGACGG-1,0.163447418417672,0,0,0.113189197858439,0,0.496771355234813,0,0,0,0,0.226592028489077
GCGAAGCCATACCCGT-1,0.333633097132024,0,0,0.0833798271639788,0.112244067125757,0,0,0.239477125835264,0,0.231265882742976,0
GCGATTGTTAACGTTA-1,0,0,0,0.337488592674721,0.388384515253656,0,0.274126892071623,0,0,0,0
GCGCAAGAGCGCGCTG-1,0.113620133464254,0,0.329676473258068,0.123624905654357,0,0,0.433078487623321,0,0,0,0
GCGCATCCAGTCAGCA-1,0,0,0,0.256662742499232,0.228083170272938,0,0,0.282862711194263,0.137933703973124,0,0.0944576720604427
GCGCCGTTCCACGATA-1,0.551465894092341,0,0.448534105907659,0,0,0,0,0,0,0,0
GCGCGTCATTGGTACA-1,0.13156843387854,0,0.104186925569304,0,0.156869558306041,0,0.131420978778986,0.118536265099779,0,0.281604155939033,0.0758136824283177
GCGCTAATTGAATAGA-1,0,0.0919309796313157,0,0.489403902887351,0.286679140892304,0,0,0.131985976589029,0,0,0
GCGCTGCTTTGCATTT-1,0,0,0.130751246171157,0,0.214576862573897,0,0,0.341619015610738,0.313052875644208,0,0
GCGCTTAAATAATTGG-1,0,0,0,0,0,0.675153865531587,0.136733763005476,0,0.0568502571090376,0.131262114353899,0
GCGGAGAGGGAGAACG-1,0.258767070142867,0,0.191807965129114,0.337921268403042,0,0,0.0740474958861591,0.137456200438818,0,0,0
GCGTCGAAATGTCGGT-1,0,0.801939805166421,0,0.0556186729031065,0.0729399169121093,0,0,0,0.069501605018363,0,0
GCGTGGTACTGGGTTA-1,0,0,0.113953560517118,0,0.202239966613198,0,0,0,0.242075064687887,0.441731408181797,0
GCTAACTGAAGTCTGA-1,0,0,0,0,0,0.929480524888105,0,0,0.0705194751118946,0,0
GCTAAGTAGTTTCTCT-1,0,0,0.471871509570487,0,0.528128490429513,0,0,0,0,0,0
GCTACGACTTATTGGG-1,0.251468510672956,0,0,0.218475244109185,0,0,0,0.433497689287751,0,0.0965585559301088,0
GCTACTATAGTAGAGT-1,0,0,0.253854684869404,0,0,0,0.746145315130596,0,0,0,0
GCTAGAGTAGAGATGT-1,0,0,0,0,0,0,1,0,0,0,0
GCTAGGCACCACGGAG-1,0,0,0,0,0.719527861907259,0,0,0.208219924728387,0,0,0.0722522133643533
GCTAGTAGAGCTTGTA-1,0.314617827724082,0,0.0946174132360824,0.264946195393698,0,0,0,0,0,0.325818563646138,0
GCTATACGTCTCGGAC-1,0,0,0.158136474613719,0.29239543214809,0,0.0966834205384359,0.176101613975452,0.132123444182611,0,0,0.144559614541692
GCTATCATACTCATGG-1,0,0,0,0.118591486531177,0.37833438422161,0,0.308888084538459,0,0,0.123163507697954,0.0710225370107999
GCTCGCTCATGTCCAA-1,0.0979756070422456,0,0.539721935371078,0,0,0.0564595937634582,0.174963786030695,0.130879077792523,0,0,0
GCTGAGGCGTGAGTAT-1,0.568294278493969,0,0,0.431705721506031,0,0,0,0,0,0,0
GCTGCACGGTTTCTTA-1,0.376010768264103,0,0,0.384398343106259,0.239590888629638,0,0,0,0,0,0
GCTGCTACTGCGTAGC-1,0.162124601296851,0,0,0.253820083490204,0,0.133229770367721,0.194272987338303,0,0.111092950726583,0,0.145459606780338
GCTGCTCTCCGGACAC-1,0,0,0,0.510079428637805,0.348965820951683,0,0,0.140954750410512,0,0,0
GCTGTTGCTACCGAAC-1,0,0,0,0,0.232799190623737,0,0.3089031056239,0,0.304889741896052,0.153407961856311,0
GCTTAATGTAACTAAC-1,0.0730133179775825,0,0,0.53645060243766,0.390536079584758,0,0,0,0,0,0
GCTTATGAAGCAGGAA-1,0,0,0.0566571044503151,0.393652150991852,0.0725365250673455,0.0631659446865081,0,0.413988274803979,0,0,0
GCTTCCCGTAAGCTCC-1,0,0,0,0,0,0,0,0,0.147046143267925,0,0.852953856732075
GCTTCCGTCCCTAGAC-1,0,0,0,0.143685520094096,0.56781379442134,0,0.146877123900275,0,0,0.141623561584288,0
GCTTGGATCGATTAGG-1,0,0,0.155676992415876,0,0.0991794323041819,0,0,0.296889743476568,0.350232140930524,0,0.0980216908728494
GCTTTCAGAGGAGGTG-1,0,0,0,0.210924007541816,0,0,0.247440010453608,0,0.413494283802407,0.128141698202169,0
GGAATGCGCTAGCGTG-1,0.456558714017957,0,0,0,0.32207695027458,0.0799305513617511,0,0,0.141433784345712,0,0
GGAGACGACACCTTTG-1,0.445291390064058,0,0,0.475233463029464,0,0,0,0.0794751469064785,0,0,0
GGAGCACCAAGAACTA-1,0,0,0,0.148361214876083,0.187879747715909,0,0,0.336548456098314,0.150065608885383,0.17714497242431,0
GGAGGGCTTGGTTGGC-1,0,0,0,0,0.847972891801703,0,0.152027108198297,0,0,0,0
GGATCCGGAATATACT-1,0,0,0,0,0.680039084246672,0,0.25242554894044,0.067535366812888,0,0,0
GGATGGCTTGAAGTAT-1,0,0.063765417350955,0.0769149439268426,0,0,0,0,0,0,0.372048078049568,0.487271560672635
GGATGTCCTTACCGCA-1,0,0,0.10064642179127,0,0.408735386753778,0,0.283851179395481,0.0895806114870539,0,0,0.117186400572416
GGATTCCGCTATACCC-1,0,0.823321752791196,0,0,0,0,0,0,0,0.176678247208804,0
GGATTGCTGTGACTCC-1,0,0,0,0.175885254271419,0,0.615898978147696,0,0,0,0.142202304789391,0.0660134627914949
GGATTTCACTTCTATA-1,0,0,0,0,0.79910033254878,0,0,0,0.118916210371655,0.0819834570795657,0
GGCAAGGCGAAATAGC-1,0.2020349630934,0,0.166637823729535,0.173457127674316,0.136919887325789,0,0,0.255314186444381,0,0.0656360117325794,0
GGCAATAGTCAATGAG-1,0,0,0.178394831721895,0,0.821605168278105,0,0,0,0,0,0
GGCAGCAAACCTATGC-1,0,0,0.0606194257109165,0.177452702311732,0,0,0.419755799484037,0.244829186094037,0.0973428863992774,0,0
GGCGAAATCTAACTTG-1,0.315899505178964,0,0,0.303042850363986,0.234777736255136,0,0,0.0541071206100432,0.0921727875918708,0,0
GGCGCGGAGATCTTTC-1,0,0,0,0.190958204709627,0,0.382290523798821,0.110895954328006,0.10326856350666,0,0.100403174420217,0.112183579236669
GGCGGTAGGATCATTG-1,0,0,0,0.227791049059889,0.62125381840471,0,0.150955132535401,0,0,0,0
GGCGTAGGGAAAGCTG-1,0,0,0,0,0,1,0,0,0,0,0
GGCTCGCGTTGAGGTA-1,0,0,0,0.337821026604714,0.150329724102109,0,0,0,0.405758893712644,0,0.106090355580533
GGCTCTGCTCCAACGC-1,0,0.0555603379808558,0.222534049389569,0,0.60423682619222,0.117668786437355,0,0,0,0,0
GGCTGAAATAGCAAAG-1,0.613323059164859,0,0.115475639412543,0.180298106654824,0,0,0.0909031947677741,0,0,0,0
GGCTGGCAATCCCACG-1,0,0,0,0,0,0,0,0,0.0734919984030713,0,0.926508001596929
GGGAAGGGCTTTCTCA-1,0,0,0,0,0,0.815828159912302,0,0,0,0.184171840087698,0
GGGAGAACTCACAGTA-1,0.187497579721958,0,0,0.5354889875439,0.277013432734142,0,0,0,0,0,0
GGGAGCGACCGTAGTG-1,0,0,0,0,0,0,0,0,0,0,1
GGGAGTTAATGAGGCG-1,0.166525318615198,0,0,0,0.833474681384802,0,0,0,0,0,0
GGGCCGGCCGAAGTAC-1,0.488384239387138,0,0,0,0.511615760612862,0,0,0,0,0,0
GGGCGTGGTTTCCCAG-1,0,0,0,0,0,0.894396011565356,0,0,0,0,0.105603988434644
GGGCTGCCTAGGGCGA-1,0,0,0.206728277406326,0.0989589169721655,0.531944897045747,0,0,0,0,0.162367908575762,0
GGTAGTGCTCGCACCA-1,0,0,0,0.564065584194398,0.382821552744527,0,0,0.053112863061075,0,0,0
GGTCGGCCAGGAGCTT-1,0,0,0,0.40151644557376,0.59848355442624,0,0,0,0,0,0
GGTCTGAGAATCTGGA-1,0,0,0.60148227104138,0,0.326397459383166,0.0721202695754543,0,0,0,0,0
GGTGATAAGGAGCAGT-1,0.233772343227541,0,0,0,0.766227656772459,0,0,0,0,0,0
GGTGGACTGCTCTGGC-1,0,0,0.293767892513882,0,0.421459623695691,0.16184075282074,0,0,0,0,0.122931730969687
GGTTTACAATCTCAAT-1,0,0,0,0.0558931858100081,0.631336616013095,0,0,0,0,0.312770198176896,0
GGTTTCAATCGGTCAG-1,0,0,0,0.647958313878981,0,0,0.352041686121019,0,0,0,0
GTAAGCGGGCAGTCAG-1,0,0.125025578760222,0,0,0.400976595530901,0,0.0640539391708313,0.409943886538046,0,0,0
GTAAGTAACAGTCTGG-1,0.133082687839031,0,0.512699373067629,0,0.250182557407018,0,0.104035381686322,0,0,0,0
GTACAGAGGCAAGGGT-1,0.136921312250089,0,0.174716598995157,0.0806223277637969,0.361171493522399,0,0.192492618014294,0,0,0,0.0540756494542641
GTACGAGATTGCGACA-1,0,0.431452045737083,0.286887849728518,0.281660104534399,0,0,0,0,0,0,0
GTACGCTTCATTGCAC-1,0.603947687646914,0,0.153389290959564,0.0814069006489758,0,0,0.0569928331852258,0.104263287559321,0,0,0
GTACGTTTGCCCGTCA-1,0,0,0,0.507335699524694,0.243149080843986,0,0,0.186859255925284,0.0626559637060355,0,0
GTACTACGGCCTCGTT-1,0,0,0,0,0,0,0,0,0.102139371552704,0,0.897860628447296
GTACTGGAGTTAGACC-1,0,0,0.129145718986099,0,0.568080950047917,0.163866985795477,0,0.138906345170507,0,0,0
GTAGCGGCTATACACT-1,0.293871431307591,0,0,0.104605749633304,0.601522819059105,0,0,0,0,0,0
GTAGCTTCCTCTTGTT-1,0.0623496458834151,0,0,0,0.211438180425625,0,0.365446527232098,0.109120296602204,0,0.251645349856658,0
GTAGGTGATCCGTGTA-1,0.19955744821348,0.600112440518123,0.128791090434644,0,0.0715390208337528,0,0,0,0,0,0
GTATAGGACTCAGTAG-1,0,0.874608095097407,0,0,0,0,0,0.125391904902593,0,0,0
GTATCAAACGTTAGCT-1,0.134442033235622,0,0.0649342559488589,0.191515338994978,0,0,0.542738690165502,0,0,0.066369681655039,0
GTATGTGGGTCTAGTT-1,0,0,0.223484303474211,0.253203197494237,0.0599510812904442,0.0627426947610591,0,0.10399918933125,0,0.165755481959183,0.130864051689615
GTCAAGCGGACTCGGG-1,0,0,0.391270634845936,0.233825937060756,0.0926109780776171,0,0.163655696353181,0.11863675366251,0,0,0
GTCATGCGCGAGGGCT-1,0,0,0.167702046205339,0,0,0.215692452456368,0,0,0.114412092843498,0.19406436547415,0.308129043020645
GTCATGGACATGACTA-1,0,0,0,0.551694809147282,0.255750209121806,0,0,0,0,0.192554981730912,0
GTCATTAGAGCGAACG-1,0.124644917432704,0,0.356292637319877,0,0.176363693441448,0,0,0.243918548428029,0.0987802033779423,0,0
GTCCCAACGTAAAGTA-1,0,0,0.374751431916243,0,0.421949190577915,0,0.203299377505842,0,0,0,0
GTCCCGCGACGTTATG-1,0,0,0.363474598805899,0.151334036595318,0.147226845756387,0.129681031649462,0,0.091146801988049,0.117136685204885,0,0
GTCCGGACCTGAAATT-1,0,0,0.419328596672704,0,0.0620973506658112,0,0.149445331855041,0.121270522376066,0.13720884863572,0,0.110649349794657
GTCCTACGAATAGTCT-1,0,0,0.175413839831566,0,0,0,0.741858038050735,0,0.082728122117699,0,0
GTCGCGTAACCCGTTG-1,0.193837390903342,0,0.368932756107446,0.170053250669086,0.267176602320126,0,0,0,0,0,0
GTCGGATGTAGCGCGC-1,0,0.342513997687778,0.289158508283521,0.143052706791791,0,0.0554508018889931,0,0,0,0.169823985347918,0
GTCGTTATTCGCTTAT-1,0.481932493220615,0,0,0.157552063355374,0,0.0662784414128711,0.29423700201114,0,0,0,0
GTCTCGATCTGCTTTC-1,0,1,0,0,0,0,0,0,0,0,0
GTCTGCCGACTCGACG-1,0,0,0,0,0,0.295266923265085,0,0,0,0,0.704733076734915
GTGAGGACACTTAAGG-1,0.362506760895749,0,0,0.331656479989351,0.3058367591149,0,0,0,0,0,0
GTGATCACTAACGCCT-1,0.257706896301797,0,0.132676400136656,0,0.226570112069339,0,0.32051919468965,0,0.0625273968025577,0,0
GTGATCCTTGTCATGA-1,0,0,0,0,0,1,0,0,0,0,0
GTGCAACAAATGTGGC-1,0,0.301338884592073,0,0,0.102529505034036,0,0,0.596131610373891,0,0,0
GTGCACGAAAGTGACT-1,0,0,0.511281385063537,0.430923614766052,0,0.0577950001704114,0,0,0,0,0
GTGCCCGTTCGGATTC-1,0,0,0,0.655408277792956,0.264871339765472,0,0,0,0.0797203824415724,0,0
GTGCCTGAGACCAAAC-1,0.143262458727677,0,0,0,0,0,0,0,0,0.181857325323708,0.674880215948615
GTGCGACAGGGAGTGT-1,0,0,0,0,0,0,0,0.602730812873639,0.397269187126361,0,0
GTGCGTGTATATGAGC-1,0.14193508525242,0,0,0.466961778232908,0,0.0611358283807648,0.329967308133907,0,0,0,0
GTGGCTGTTTCTGTTC-1,0,0,0,0,0.278611800797231,0.104800291584662,0,0,0,0.246768548072327,0.36981935954578
GTGGTGGCCAAGTGAA-1,0.421064957853738,0,0.0672290955320085,0.511705946614254,0,0,0,0,0,0,0
GTGTACCTTGGCTACG-1,0,0.0813271548617115,0.451565724952199,0,0.46710712018609,0,0,0,0,0,0
GTGTGAATAACTTAGG-1,0,0,0.240492564477773,0.355775389275467,0.211074140205963,0,0,0,0,0.192657906040797,0
GTGTTACTATGCGTCC-1,0.428852272007505,0,0,0.477562771298796,0.093584956693699,0,0,0,0,0,0
GTTAACATCACTTAAA-1,0.0752632629086745,0,0,0.346961753320323,0,0.130957648138811,0,0,0,0.446817335632192,0
GTTGGATTGAGAACAC-1,0,0,0.340420522400981,0.659579477599019,0,0,0,0,0,0,0
GTTTCTAGAGGCGCGG-1,0,0,0,0,0.0589444950737581,0,0,0,0.119649459844593,0.435875962245652,0.385530082835997
GTTTCTGCAGTCTCCC-1,0,0,0,0.531023593181377,0.341174853365578,0,0.0678523208212365,0.059949232631808,0,0,0
GTTTGACCAAATCCTA-1,0.166298124617228,0,0.217925763344576,0.397836683514686,0.159867413062322,0,0,0,0.0580720154611885,0,0
GTTTGGCCCAAGTTAT-1,0.187920571894513,0,0,0.558234078141209,0.0827095349490199,0,0.171135815015258,0,0,0,0
GTTTGGGTTTCGCCCG-1,0.170747436633073,0,0.165753211565421,0.0941693578414254,0,0.40498986425546,0,0.0628400330621236,0,0.101500096642497,0
TAAAGCGTTAGGAGAA-1,0,0,0,0.275291816439905,0,0,0,0,0.538662263844853,0,0.186045919715242
TAAGGCAACATAAGAT-1,0.0608698553779244,0.129292031739324,0,0.160284266025691,0.331745131979445,0.26076464622027,0,0,0.057044068657345,0,0
TAAGGCTGAATCCCTC-1,0,0,0.136451444733171,0.137105656264448,0.249642483933068,0,0.152483637936713,0,0.229257309631876,0,0.0950594675007246
TAAGGGCCTGTCCGAT-1,0,0,0,0,0,0,0.455266757948382,0.174273830179941,0.217868134434888,0,0.15259127743679
TAAGTTGCGACGTAGG-1,0,0,0,0.230877549533464,0,0,0.596726362214547,0,0.172396088251988,0,0
TAATACACAGTAGTAT-1,0,0.476652366312831,0,0,0,0,0,0,0,0.523347633687169,0
TAATAGTGACGACCAG-1,0.188057322416253,0.0681027962101082,0,0,0.0738301001721995,0,0,0.119791523107839,0.483257306795271,0.06696095129833,0
TACAAGGGCTTCTTTA-1,0.44713757570181,0,0,0.111635907824012,0,0,0,0,0,0.185791499039756,0.255435017434422
TACACCTCTTCGAATC-1,0.0692958331869845,0,0.266544990372655,0,0,0,0,0,0.060073860937213,0.194231442581434,0.409853872921713
TACAGAAACGGTGGGC-1,0,0,0.137572811399714,0,0,0.112244338965441,0.352251532329155,0,0,0.39793131730569,0
TACCAATAAAGTACCA-1,0,0,0.308581906791426,0,0.262583627662918,0.229598452708191,0,0,0,0,0.199236012837465
TACCGCGGACTTGCAG-1,0,0,0,0,0,0,0.199484161288142,0.448574881603252,0.351940957108606,0,0
TACGACTGCCTCTTAG-1,0.240366514734365,0,0.209902098347902,0.358729964562268,0,0.107565922570213,0,0.0834354997852526,0,0,0
TACGGGTAATAACATA-1,0.503882945714361,0,0,0,0,0.177743920384142,0,0,0,0.0758089586205387,0.242564175280958
TACTACGTGCAATGCG-1,0.365138804803691,0,0.0632769257329157,0,0,0.199183007863947,0,0,0,0,0.372401261599446
TACTCTCCGAACAAAT-1,0,0.694036769595103,0,0,0,0,0.203908386651981,0,0,0.102054843752916,0
TACTTGTTAGTAGTCC-1,0,0,0.275426403412657,0.205085118646392,0,0,0,0.249296275950734,0,0.270192201990217,0
TACTTTACTGAGCCGG-1,0,0,0,0,0.134614886276324,0,0.0916783304001081,0.138325416617235,0.43115157799039,0.204229788715943,0
TAGAAAGGTGGCGCTA-1,0,0,0,0.230404772605635,0.578696054096715,0,0,0.19089917329765,0,0,0
TAGAATAGCCGATGAA-1,0,0,0,0,0,0.475765984407165,0,0,0.0743848137643603,0,0.449849201828475
TAGACGCCCGTACCGG-1,0.152487709633918,0,0,0.591722564829619,0,0,0,0,0.15503799920009,0.100751726336374,0
TAGAGGTTCTACTTGT-1,0.394537621342519,0,0,0.238074998553959,0,0,0.367387380103522,0,0,0,0
TAGAGTCTAAGCGAAC-1,0,0,0.647234703713138,0.18597501974438,0,0,0,0,0,0.166790276542483,0
TAGATGGTTCCTTACT-1,0,0,0,0,0,0.603101422914028,0.396898577085972,0,0,0,0
TAGCAGATACTTAGGG-1,0.13826041223947,0,0,0.253702642971329,0,0.130936388298181,0,0,0,0,0.47710055649102
TAGCAGTATGACTAAA-1,0,0,0,0.122041262629127,0,0.236548608874206,0.1063873934729,0.0776619592529611,0,0,0.457360775770806
TAGCCATTTCAAAGTC-1,0,0,0,0.390829293756375,0.217592611931914,0,0,0.283779980068908,0,0,0.107798114242802
TAGCCGGCGGTCAGCG-1,0.221792969645416,0,0,0,0.778207030354584,0,0,0,0,0,0
TAGCGTTGGGTCTTAC-1,0,0,0,0.523299948066461,0,0,0,0,0.0769255496364828,0.399774502297056,0
TAGCTAAGTCCGGGAG-1,0.493492187707714,0,0.0944811970966176,0.142611775437532,0,0,0.0973014176570569,0.101542297181353,0,0.0705711249197271,0
TAGGCTAAAGTGGCAC-1,0,0,0,0,0,0.292880252542645,0.079116465254261,0,0.14670606543276,0.154300853711219,0.326996363059115
TAGGGAGCTTGGGATG-1,0,0,0.0683403796980551,0.0715498444888082,0,0,0,0,0.714893702972394,0.145216072840743,0
TAGGTGACGATAACCT-1,0,0,0,0,0.0953607328032602,0.90463926719674,0,0,0,0,0
TAGGTGCTCGCCTAGC-1,0,0,0,0.372736898171497,0.0911656874187155,0,0.389769576012866,0,0.0907860522601793,0,0.0555417861367423
TAGGTTCGAGTTCGTC-1,0,0,0,0.309773496285032,0.28552387455134,0,0.153335887893874,0.251366741269753,0,0,0
TAGTCGATCACGGGTT-1,0.154269087386025,0,0.376113147729512,0,0,0,0.310329172211421,0.0622222239066174,0.0970663687664249,0,0
TATCCAATTGGTTATC-1,0.272544219065026,0,0,0.138126830325907,0.278837031734242,0.215573482720753,0,0.0949184361540711,0,0,0
TATCCCTCGATCTGCA-1,0,0,0,0,0,0,0,0,0.0523753844417132,0,0.947624615558287
TATGAAGAATTAAGGT-1,0,0,0,0.34875115880309,0,0.25480333116099,0,0,0,0.165123688796523,0.231321821239397
TATGATCTTCTCTTTA-1,0,0,0,0,0,1,0,0,0,0,0
TATGGGTACGTATCGT-1,0.171456305177117,0,0,0,0.460963493422,0,0.367580201400883,0,0,0,0
TATGTCTCATTGTGCC-1,0,0,0,0,0.33393607753229,0,0.515432800628901,0,0.150631121838809,0,0
TATTCAATTCTAATCC-1,0.20120301291976,0,0,0,0.79879698708024,0,0,0,0,0,0
TATTCCGAGCTGTTAT-1,0,0,0.112630116633095,0,0.287112831484988,0,0.328764418866252,0.0668238360547146,0,0.204668796960951,0
TCAAACTTAGATTGTT-1,0,0,0.59387590034392,0,0,0,0,0,0,0.406124099656079,0
TCACAAACCGAGGTAC-1,0,0,0,0.0871410088438921,0,0.434847993660749,0.241017401244422,0,0,0.074920802284151,0.162072793966785
TCACAGGGAATCGCAA-1,0.568534023854156,0,0.325311924670037,0,0,0,0,0.106154051475808,0,0,0
TCACCGCTCGGCACTC-1,0,0,0,0.686604045044095,0,0,0,0,0.195810704507334,0,0.117585250448571
TCAGACGCTATAGAAG-1,0.39682289461755,0,0.308899964236825,0,0,0.0653154435810338,0.0911620355240299,0.078868842181243,0,0,0.0589308198593188
TCAGAGGACGCGTTAG-1,0,0,0,0,0,0,0,0,0.122887131836158,0,0.877112868163842
TCAGCAAATGCATCTC-1,0.0598954191803379,0,0,0.137568759749462,0.8025358210702,0,0,0,0,0,0
TCAGGGTGTAACGTAA-1,0,0,0,0,0.630348420389682,0,0.244798402898876,0.124853176711442,0,0,0
TCATCCTCAGCTGCTT-1,0,0,0.261496102766469,0,0,0,0,0,0,0,0.738503897233531
TCATCGACGACCGTCG-1,0,0,0,0,0,0,0,0.05372439401745,0,0,0.94627560598255
TCATTTAAGTCTCCGA-1,0,0,0,0,0,0,0,0.610175369393004,0.389824630606996,0,0
TCCAACTCAGCTATCT-1,0,0,0,0,0,0,0,0,0,0.507236382806241,0.492763617193759
TCCACTTTATCTAGGT-1,0,0,0,0,1,0,0,0,0,0,0
TCCAGAGCACCGGTTC-1,0,0,0,0,0.0521712541583925,0,0,0.209224115457074,0.0958268391228174,0.642777791261716,0
TCCAGGCGAGTACGGT-1,0,0,0.551211114845621,0,0.280095738824485,0,0,0,0,0.168693146329894,0
TCCCGCGTACTCCTGG-1,0,0,0,0,0.346894885844663,0.24054937851404,0.282536512870915,0,0,0.130019222770382,0
TCCCGTCAGTCCCGCA-1,0,0.406582605552943,0,0,0,0,0,0,0,0.593417394447057,0
TCCCGTGTGCAATTTG-1,0.172705365582539,0,0.181078742932798,0.298480077003743,0.34773581448092,0,0,0,0,0,0
TCCGATAATTGCCATA-1,0,1,0,0,0,0,0,0,0,0,0
TCCGATGACTGAGCTC-1,0,0.149197044112374,0.595601561060358,0.255201394827267,0,0,0,0,0,0,0
TCCGCCTGTCTACAAG-1,0,0,0,0,0.546997987594816,0.172693258177686,0,0,0,0.280308754227498,0
TCCGCGGCAGCATCTG-1,0,0,0.38249426995842,0.13119827984399,0.244349423370232,0,0.241958026827357,0,0,0,0
TCCGCGGCCCAATGAA-1,0.144028199323387,0,0.399855066148078,0,0,0,0.260004519079884,0.142379313699111,0.0537329017495402,0,0
TCCGTTAAGCTAATAT-1,0,0,0.157294572404192,0.147638556517837,0,0,0.435687606453575,0,0.205456799023811,0,0.0539224656005851
TCCGTTTAGCCTTGAA-1,0,0,0,0.340293157495556,0.077337492373327,0,0,0.135969927736224,0.321605118596282,0.124794303798611,0
TCCTAAAGATTCAGAC-1,0,0,0,0,0,0.0817415563950592,0,0,0,0,0.918258443604941
TCCTCGGGCTGGGCTT-1,0,0,0.207113215721723,0,0.293824473086814,0,0,0.499062311191463,0,0,0
TCCTTACGACGGTCCG-1,0.349293581360372,0,0,0.133972199964444,0.0929332029556874,0,0.296727776214228,0.0588522579098145,0,0,0.068220981595454
TCCTTCAGTGGTCGAA-1,0.209146501223767,0,0.229421886563586,0.34814880487255,0,0,0.213282807340096,0,0,0,0
TCCTTTAAATCCGCTT-1,0,0,0.142700733621871,0.302088159677233,0,0,0.291743824734476,0.0610492039467074,0,0,0.202418078019713
TCCTTTCTTACGCTTA-1,0.341832509800508,0,0,0,0.277872569631887,0,0,0.25963916071472,0,0.120655759852884,0
TCGAAGAACCGAGCAC-1,0.370660135946637,0,0,0,0,0.0562025827427113,0.466075410074808,0,0.107061871235845,0,0
TCGCAAAGATGCATTT-1,0.438512877521871,0,0.136929928785235,0.0797973339648115,0,0.11271531985912,0.232044539868962,0,0,0,0
TCGCCGACATATTCGC-1,0,0,0,0,0,0.502493523457149,0,0,0.176678815655762,0.268393662529196,0.0524339983578928
TCGCCGGTCGATCCGT-1,0,1,0,0,0,0,0,0,0,0,0
TCGCCTCCTTCGGCTC-1,0,0,0,0,0,0,0,0,0.129096062350728,0,0.870903937649272
TCGCTCGATATATTCC-1,0,0.0871332902152213,0,0,0.852205567137414,0,0,0.0606611426473648,0,0,0
TCGCTGGGCGGATTGT-1,0,0,0.208285536212273,0,0.736116561151425,0,0,0.055597902636303,0,0,0
TCGCTTTAAACGTTTG-1,0,0,0,0.214521033511253,0.0567161004998764,0,0,0,0.535777230627816,0.192985635361054,0
TCGGACGCCCAGCCCA-1,0,0,0.422604852201073,0,0.490412574382112,0.0869825734168157,0,0,0,0,0
TCGGAGTACATGAGTA-1,0,0,0.121818318395892,0.358150523003769,0.236890206223642,0,0,0,0,0.283140952376697,0
TCGGCTTGTATCGACG-1,0,0,0,0,0,0.45031940640952,0.251905799240303,0,0,0,0.297774794350176
TCGGGCCGTCGTGGTA-1,0.249920008219327,0,0,0.269091941658774,0.18521954878622,0,0,0.29576850133568,0,0,0
TCGTAAGACGACATTG-1,0.179275026431746,0,0,0.24534302359757,0.258607927174634,0,0,0.101811036463509,0,0.214962986332541,0
TCGTCTTAGGCGTTAA-1,0.211273142853547,0,0,0.254847726296237,0.0735937603873987,0.0857356870110883,0,0,0,0.175590744189307,0.198958939262421
TCGTTTACGCGACCCT-1,0,0,0.33909823872776,0,0.189814816261053,0,0,0,0,0.147421087060737,0.323665857950449
TCTACCGTCCACAAGC-1,0,0,0,0.697108435863822,0,0,0.104482100699487,0,0,0.198409463436691,0
TCTAGTGATATCGTGG-1,0.266054084991446,0,0,0,0.0736588640889314,0,0.439676994265106,0,0.122701996499557,0.0979080601549609,0
TCTATCGGTCGCAACA-1,0.116734056680167,0.164445329445261,0,0.358791390445717,0.218116548709217,0,0,0,0.141912674719638,0,0
TCTATGCTATAACGAC-1,0.145822363778903,0,0,0,0,0.192165597290785,0.168993135889284,0,0,0.403780883349901,0.0892380196911276
TCTCAAATCAATCGGG-1,0,0,0,0,0.425257717231772,0.102272523851588,0,0,0,0.0898724568137385,0.382597302102901
TCTCCAACGTAGGTTA-1,0,0.742061825837792,0,0,0,0,0,0,0,0.257938174162208,0
TCTCCACAAGTTGAAT-1,0.154816410097754,0,0.217222828190276,0,0,0.565434620723581,0.0625261409883886,0,0,0,0
TCTCCCTGGGCAGCGT-1,0.139675886719186,0,0,0,0.417026354314814,0,0,0,0,0.443297758966,0
TCTGAACTCGTACCCG-1,0.50101214288373,0,0.161997266363738,0.103641606560578,0.118649058227822,0,0,0,0.114699925964132,0,0
TCTGAAGCACGTGGTC-1,0,0,0.296078234956604,0,0.202945636152363,0,0.168949295135595,0,0,0.237734645044659,0.0942921887107792
TCTGAATTCCGTACAA-1,0,0,0,0.455596190703543,0.0948625678468438,0,0,0.0622978741889611,0.387243367260652,0,0
TCTGCATACCTTGCTT-1,0,0,0,0,0,0.349048886116642,0.242060718827578,0,0.117549709852744,0,0.291340685203036
TCTGCCAGAAACTGCA-1,0.190640376696656,0,0,0.571537646747695,0.0658920790053959,0,0,0.0886774135213422,0,0.0832524840289111,0
TCTGGGAACCTTTGAA-1,0,0,0.192144385884995,0.162305682257749,0.230575605018931,0,0.414974326838326,0,0,0,0
TCTGTGCCATCATAGT-1,0.111201451794557,0,0,0,0.888798548205443,0,0,0,0,0,0
TCTTAGAGTGAACTCT-1,0.100606688933992,0,0.19478542496501,0,0.150164058432575,0,0.300404721968798,0.118293710175376,0.0611083300441257,0.074637065480124,0
TCTTCCCATGGGCACA-1,0,0,0.294715957929991,0.0949283040123411,0,0,0,0.139081970020686,0.471273768036982,0,0
TCTTCGATACCAATAA-1,0,0,0,0.0890698927120691,0.412839104475372,0,0,0,0,0.498091002812559,0
TCTTGATGCGTAGCGA-1,0,0,0.427609539858828,0,0.410534756876589,0,0,0.161855703264583,0,0,0
TCTTGGTAACACCAAA-1,0.132828132294365,0.32974754558763,0,0,0,0,0,0.12204110725121,0.11305942609006,0.302323788776735,0
TCTTTAAGACTATGAA-1,0,0,0,0,0,0,0.150867254452496,0.100917833067052,0.672637706582436,0.0755772058980166,0
TGAAAGGACCTGACTC-1,0.0546173688370939,0,0,0.330972251914803,0.392439338576549,0,0,0.221971040671554,0,0,0
TGAATACCGACGCGTA-1,0,0,0,0,0,0.196570116024479,0,0,0,0.357543493953082,0.445886390022439
TGACATCGAGCGGACC-1,0.0523706361138911,0,0,0,0,0,0.095950598906877,0,0.851678764979232,0,0
TGACGATGCACTAGAA-1,0,0,0,0.433437643309507,0.177470367555339,0,0.117395974734174,0.0621258899606889,0.209570124440291,0,0
TGAGTGGTCCGTGACG-1,0.227284684484383,0,0,0.351664504061398,0.12624547506081,0,0,0,0.22681381179076,0.0679915246026491,0
TGATCTATCACACTCT-1,0,0,0,0,0,0,0,0,0,0.30248311258951,0.69751688741049
TGCAACCCATCTGCGG-1,0,0,0,0,0,0.899468612269853,0,0,0,0,0.100531387730147
TGCAACTACTGGTTGA-1,0.370111818558833,0,0,0,0,0,0,0,0,0.14924959533861,0.480638586102557
TGCAATCTAACACGGT-1,0,0,0.193528345088743,0.302990768776813,0,0.227226657694999,0,0,0,0.221722879968916,0.0545313484705287
TGCAGGATCGGCAAAG-1,0,0.104826995612682,0.0556111005086705,0,0.415946127249783,0,0,0.21981584558293,0.074037334246524,0.12976259679941,0
TGCATATGTCTGTCAC-1,0,0,0.499231397480226,0,0.500768602519774,0,0,0,0,0,0
TGCATGGATCGGATCT-1,0,0.57551522193557,0.182776710852099,0,0,0,0,0.0998601753079672,0,0.141847891904363,0
TGCATGTGGTAATCTA-1,0.237205953167672,0,0,0.479898891394404,0.227859921323977,0,0,0,0.0550352341139475,0,0
TGCCACCTGGCGAAAC-1,0,1,0,0,0,0,0,0,0,0,0
TGCCCGTACCGTTAAA-1,0.389541092627079,0,0.229413587407741,0,0,0.0624394126111508,0.26539038869268,0,0,0.0532155186613483,0
TGCCTGATCAAACGAT-1,0,0.793087908582716,0,0,0,0,0.206912091417284,0,0,0,0
TGCGCAAAGCATTTGG-1,0,0,0.22530465519883,0,0.77469534480117,0,0,0,0,0,0
TGCGGAGTAAAGGTGC-1,0,0.248616511567348,0,0,0,0,0,0.0936698071718558,0.0630556687798391,0.594658012480957,0
TGCGTTTGTTGACACT-1,0.189423011980295,0,0.42631722120918,0.137460623432105,0.24679914337842,0,0,0,0,0,0
TGCTCCACAGTTCTTA-1,0,0,0,0,0.136567925551232,0,0.287925459917981,0.153395264010222,0.276361443055384,0.145749907465182,0
TGCTGTTGAAGAACTC-1,0.357449143638,0,0.22863408104367,0.099383315765388,0.314533459552942,0,0,0,0,0,0
TGGAAGGATAAAGATG-1,0,0.292645513236931,0,0,0,0,0,0,0,0.707354486763069,0
TGGACCAATCTAAGAT-1,0,0,0,0,0,0.884296451859027,0,0,0,0,0.115703548140973
TGGACTGTTCGCTCAA-1,0,0,0.432636421371533,0,0.476853843896572,0,0,0.0905097347318954,0,0,0
TGGCCAAACTGAAGTA-1,0.139700557713521,0,0,0.168828446752191,0.691470995534288,0,0,0,0,0,0
TGGCTACACTCTACCT-1,0,0,0,0,0,0.723841973331413,0,0,0,0.107074487311977,0.169083539356609
TGGCTATGTGACATAC-1,0,0,0,0,0,0.571161556285351,0,0,0,0.428838443714649,0
TGGGCCACAAGAGCGC-1,0,0.31321359976151,0.554955901894849,0.131830498343641,0,0,0,0,0,0,0
TGGGTGCACAAGCCAT-1,0,0,0,0,0,0,0,0,0,0.284746693591176,0.715253306408824
TGGTAGAATATATGGG-1,0.380570653857601,0,0.106344890795914,0,0,0,0.355004779827876,0,0.158079675518609,0,0
TGGTCCCACGCTACGG-1,0,0,0.296822070728252,0.181809134914591,0.169858649327475,0.151100280603039,0,0,0.0624192101730497,0.137990654253594,0
TGGTTCAACGGGTAAT-1,0.260300434439077,0,0.312884684623015,0,0,0.186264506503062,0,0,0,0.1620186224016,0.0785317520332453
TGTACCTACACGAGGG-1,0,0,0,0,0,1,0,0,0,0,0
TGTACTATCGCTCGTT-1,0,0,0,0,0,0,0,0,0.346127876234701,0,0.653872123765299
TGTAGGAGAAATTTCC-1,0,0,0,0.215020253039371,0.602724599612915,0,0.182255147347714,0,0,0,0
TGTATAACAGATCCTG-1,0,0,0,0,0.790491901499291,0.209508098500709,0,0,0,0,0
TGTGACTACGCCAGTC-1,0,1,0,0,0,0,0,0,0,0,0
TGTGCCGGTGCCGGAA-1,0.211468323899888,0,0.082897592147118,0,0,0,0.638883932201109,0.0667501517518851,0,0,0
TGTGGCAAAGCGTATG-1,0,0,0.0524921354730538,0.285340837483912,0,0,0.0691949611422108,0,0.435248354766884,0,0.157723711133939
TGTTATTGTATGTGGC-1,0.342727309959646,0,0.150990645141059,0,0.170360731525103,0,0.159479574605422,0.176441738768769,0,0,0
TGTTGTCAAGAAGTCT-1,0,0.0870609671075388,0,0,0.192580148632441,0,0,0,0.476302178687939,0,0.24405670557208
TTAAACTCGAATTCAT-1,0,0,0,0,0,0,0,0.671980356763248,0.328019643236752,0,0
TTAAGATAGGATTGAC-1,0,0,0.13516206818763,0,0.0528194085276528,0,0.455379203339661,0,0.283150954153654,0.0734883657914021,0
TTAATCAGTACGTCAG-1,0,0.429926964281762,0.122151936643756,0.0937965190775106,0,0,0,0,0,0.354124579996972,0
TTAATGTAGACCAGGT-1,0,0,0.128847924284945,0.21412783463407,0.489784710808426,0,0,0.16723953027256,0,0,0
TTAATTTCAGACGCGG-1,0,0.0663889090964735,0.276980303649702,0.594624167532704,0,0.0620066197211209,0,0,0,0,0
TTACGGATGGTTCGAG-1,0,0,0,0.28345388482305,0,0,0.164073675546288,0.0729478212686945,0.301727837921759,0,0.177796780440209
TTACTAAAGGACTTTA-1,0.702924943936328,0,0.21218662408149,0,0,0,0.0848884319821816,0,0,0,0
TTACTCCGGCCGGGAA-1,0.37958025172325,0,0,0,0.62041974827675,0,0,0,0,0,0
TTAGACGAGTCACCTC-1,0.251643645193634,0,0.465668575745929,0,0,0.0702184123179041,0,0.124564396254251,0.0879049704882815,0,0
TTAGCTGATTTGCCGT-1,0,0,0,0.491519652831876,0.294404236568104,0,0,0.0748457583549356,0.0806567113361126,0,0.0585736409089717
TTAGTAAACCTGCTCT-1,0,0,0,0.212727871442753,0,0.397465510998208,0,0,0,0.242444052951918,0.147362564607121
TTATATACGCTGTCAC-1,0,0,0,0.810450681483481,0,0,0,0,0,0.189549318516519,0
TTATCCGGGATCTATA-1,0,0,0,0.137946418822531,0.16266422149835,0,0.147282205959535,0.162081994685964,0,0.39002515903362,0
TTATGAATGAAAGGGA-1,0.383836415653663,0,0.253835134086846,0,0.0623144643591661,0,0.1739084370945,0,0,0.126105548805825,0
TTATGATCTTAACGAA-1,0,0,0,0,0.834444861369263,0.165555138630737,0,0,0,0,0
TTATTAGAGCGTGTTC-1,0.259972821097219,0,0.263306165974351,0.211909265804975,0,0,0,0.151971326691409,0,0.112840420432046,0
TTCAAAGTCTCTAGCC-1,0.445710311894271,0,0,0,0.554289688105729,0,0,0,0,0,0
TTCAATACTCTGAATC-1,0.112180960619866,0,0,0.137674444475174,0.10996178208022,0,0.302154366695157,0.105817792180865,0,0.232210653948718,0
TTCAGCTGGCGTGCCC-1,0,0,0.394953036441998,0,0,0,0.479173218043184,0.0618421694426281,0,0.0640315760721899,0
TTCATGGCGCAACAGG-1,0,0.925285080898249,0,0,0,0,0,0,0,0.0747149191017509,0
TTCGGGACTAATCGCG-1,0.186915543760935,0,0,0.157757018177501,0.277874453974838,0,0,0.0797224319498396,0.0581443056915874,0.239586246445299,0
TTCTAACCGAAGCTTA-1,0,0,0,0,0.299759058502863,0,0.594569459974865,0.105671481522272,0,0,0
TTCTGACCGGGCTCAA-1,0,0,0.896915088300302,0,0,0,0,0,0.103084911699698,0,0
TTCTGCGGGTTAGCGG-1,0.331826974926027,0,0,0.164864188607729,0.360245010467707,0.0643489057752627,0,0.0787149202232745,0,0,0
TTCTTAGTGGCTCAGA-1,0,1,0,0,0,0,0,0,0,0,0
TTCTTATCCGCTGGGT-1,0.262032388081805,0,0,0,0,0,0.510222455011911,0,0.227745156906284,0,0
TTCTTGGAGTAATGAG-1,0,0.716621958498182,0,0,0,0,0.180195925683841,0,0,0.103182115817977,0
TTGAACGACGTGCTGA-1,0.118086678402304,0,0,0,0,0.338658248432131,0.114627451402287,0,0,0.239696244159886,0.188931377603392
TTGAATATGGACTTTC-1,0.675391560534554,0,0,0,0.252272872276192,0,0.0723355671892534,0,0,0,0
TTGAATTCACGTGAGG-1,0,0,0,0.378745892316782,0.155060532446145,0,0.248155414891329,0,0.108636136062657,0.109402024283087,0
TTGACAGGAGCTCCCG-1,0.361432988552658,0,0.115235297137796,0,0,0.0934481133736815,0.429883600935865,0,0,0,0
TTGACCATGTTCTCCG-1,0,0.37264496767972,0.101922443114917,0.381174432516337,0,0,0,0,0.059145721752629,0.085112434936397,0
TTGACGCTCCATGAGC-1,0,0,0,0,0,0,0,0.717037250062488,0.282962749937512,0,0
TTGAGAAGTTTAGCAT-1,0,0,0.404326802345744,0,0.111920990432158,0.0829037512794236,0.246360976471538,0,0.154487479471137,0,0
TTGCACGGAGCAGCAC-1,0,0.263764283940796,0,0,0,0,0,0,0,0.736235716059204,0
TTGCCGCTTTCTAGTA-1,0.062382548642196,0,0,0,0,0.637463862811157,0,0,0,0.300153588546647,0
TTGCGTGTGTAGGCAT-1,0.504489195211149,0,0,0,0,0,0,0,0,0.363835684972517,0.131675119816334
TTGCTCCCATACCGGA-1,0,0.445832913574124,0,0,0.156918699572749,0,0.0661488317242368,0,0.125291565527565,0.205807989601325,0
TTGGACCTATAACAGT-1,0,0,0.0616970473296595,0.0971776691700214,0.167124852802475,0.178506054435668,0.358941196998652,0,0,0.0533772395698725,0.0831759396936516
TTGGCCAAATTGTATC-1,0.124348529111961,0,0,0,0,0,0,0,0.305778250345648,0,0.56987322054239
TTGGGACACTGCCCGC-1,0.391701619555243,0.0578534495543954,0.148769640338267,0,0.343943968824702,0,0,0.0577313217273924,0,0,0
TTGGGCGGCGGTTGCC-1,0,0,0.473747247229167,0,0.526252752770833,0,0,0,0,0,0
TTGTAAGGCCAGTTGG-1,0,0.0869264353359724,0,0.2342033764858,0.46770091080754,0,0.151215154306405,0,0.0599541230642827,0,0
TTGTGAACCTAATCCG-1,0,0,0.111477469996086,0.188255363369876,0,0.0996745413358578,0.238183489369759,0,0.0951785768443137,0.267230559084108,0
TTGTGGCCCTGACAGT-1,0,0.754969106265089,0,0,0,0,0,0,0,0.245030893734911,0
TTGTGGTGGTACTAAG-1,0,0,0,0.271946416378757,0,0.426610046373255,0,0,0.0640271337013475,0,0.237416403546641
TTGTTCAGTGTGCTAC-1,0,0,0.257404258421546,0,0.634714874424345,0,0,0.107880867154108,0,0,0
TTGTTGTGTGTCAAGA-1,0,0,0,0.310678637572612,0.689321362427388,0,0,0,0,0,0
